5.617082400555409860e-01, 7.688234472457492474e-01
5.673130044549128392e-01, 7.657578422043886945e-01
5.728963882230716509e-01, 7.626404459891675813e-01
5.784582543088873097e-01, 7.594716251900556214e-01
5.839984656612284830e-01, 7.562517463970220843e-01
5.895168852289647266e-01, 7.529811762000373498e-01
5.950133759609660400e-01, 7.496602811890714646e-01
6.004878008061012018e-01, 7.462894279540934761e-01
6.059400227132402117e-01, 7.428689830850742082e-01
6.113699046312517371e-01, 7.393993131719827083e-01
6.167773095090053337e-01, 7.358807848047889122e-01
6.221621002953706681e-01, 7.323137645734626444e-01
6.275241399392171848e-01, 7.286986190679741737e-01
6.328632913894138845e-01, 7.250357148782925476e-01
6.381794175948307668e-01, 7.213254185943885899e-01
6.434723815043364992e-01, 7.175680968062313481e-01
6.487420460668009703e-01, 7.137641161037907578e-01
6.539882742310930697e-01, 7.099138430770366437e-01
6.592109289460830190e-01, 7.060176443159393855e-01
6.644098731606392638e-01, 7.020758864104679198e-01
6.695849698236321368e-01, 6.980889359505930702e-01
6.747360818839301944e-01, 6.940571595262837734e-01
6.798630722904033252e-01, 6.899809237275101870e-01
6.849658039919208630e-01, 6.858605951442423576e-01
6.900441399373519191e-01, 6.816965403664496659e-01
6.950979430755662714e-01, 6.774891259841024915e-01
7.001270763554330312e-01, 6.732387185871701041e-01
7.051314027258217543e-01, 6.689456847656225502e-01
7.101107851356013301e-01, 6.646103911094297656e-01
7.150650865336419804e-01, 6.602332042085613528e-01
7.199941698688127056e-01, 6.558144906529878027e-01
7.248978980899830615e-01, 6.513546170326779405e-01
7.297761341460218265e-01, 6.468539499376021462e-01
7.346287409857990003e-01, 6.423128559577300223e-01
7.394555815581836944e-01, 6.377317016830317264e-01
7.442565188120457975e-01, 6.331108537034769723e-01
7.490314156962540881e-01, 6.284506786090352515e-01
7.537801351596778998e-01, 6.237515429896768326e-01
7.585025401511871213e-01, 6.190138134353710964e-01
7.631984936196509750e-01, 6.142378565360883114e-01
7.678678585139389057e-01, 6.094240388817983023e-01
7.725104977829199138e-01, 6.045727270624703387e-01
7.771262743754641100e-01, 5.996842876680750223e-01
7.817150512404401619e-01, 5.947590872885815116e-01
7.862766913267175140e-01, 5.897974925139597424e-01
7.908110575831663880e-01, 5.847998699341800943e-01
7.953180129586551184e-01, 5.797665861392116149e-01
7.997974204020538158e-01, 5.746980077190246838e-01
8.042491428622317029e-01, 5.695945012635890148e-01
8.086730432880576691e-01, 5.644564333628742103e-01
8.130689846284021582e-01, 5.592841706068505392e-01
8.174368298321331716e-01, 5.540780795854870489e-01
8.217764418481215971e-01, 5.488385268887545632e-01
8.260876836252356581e-01, 5.435658791066222406e-01
8.303704181123453543e-01, 5.382605028290600169e-01
8.346245082583197972e-01, 5.329227646460376056e-01
8.388498170120283204e-01, 5.275530311475251644e-01
8.430462073223408126e-01, 5.221516689234924069e-01
8.472135421381260523e-01, 5.167190445639089358e-01
8.513516844082540391e-01, 5.112555246587449087e-01
8.554604970815936626e-01, 5.057614757979699283e-01
8.595398431070142564e-01, 5.002372645715537081e-01
8.635895854333860422e-01, 4.946832575694665723e-01
8.676095870095773543e-01, 4.890998213816777906e-01
8.715997107844579705e-01, 4.834873225981575207e-01
8.755598197068975574e-01, 4.778461278088752540e-01
8.794897767257648935e-01, 4.721766036038012038e-01
8.833894447899306446e-01, 4.664791165729051947e-01
8.872586868482628120e-01, 4.607540333061568294e-01
8.910973658496310623e-01, 4.550017203935257104e-01
8.949053447429052843e-01, 4.492225444249821620e-01
8.986824864769545895e-01, 4.434168719904956757e-01
9.024286540006488666e-01, 4.375850696800365203e-01
9.061437102628563389e-01, 4.317275040835737432e-01
9.098275182124475613e-01, 4.258445417910780573e-01
9.134799407982912012e-01, 4.199365493925185655e-01
9.171008409692569252e-01, 4.140038934778654811e-01
9.206900816742144000e-01, 4.080469406370887397e-01
9.242475258620324041e-01, 4.020660574601576109e-01
9.277730364815808262e-01, 3.960616105370424189e-01
9.312664764817286667e-01, 3.900339664577128773e-01
9.347277088113459254e-01, 3.839834918121386997e-01
9.381565964193014917e-01, 3.779105531902900439e-01
9.415530022544645883e-01, 3.718155171821360683e-01
9.449167892657052148e-01, 3.656987503776472637e-01
9.482478204018921497e-01, 3.595606193667930661e-01
9.515459586118955038e-01, 3.534014907395436889e-01
9.548110668445841664e-01, 3.472217310858685679e-01
9.580430080488268052e-01, 3.410217069957374170e-01
9.612416451734945300e-01, 3.348017850591206712e-01
9.644068411674554531e-01, 3.285623318659875447e-01
9.675384589795792412e-01, 3.223037140063083061e-01
9.706363615587356719e-01, 3.160262980700525026e-01
9.737004118537933017e-01, 3.097304506471899588e-01
9.767304728136229075e-01, 3.034165383276908323e-01
9.797264073870921575e-01, 2.970849277015245593e-01
9.826880785230718285e-01, 2.907359853586610199e-01
9.856153491704305880e-01, 2.843700778890702052e-01
9.885080822780382137e-01, 2.779875718827219400e-01
9.913661407947639281e-01, 2.715888339295859377e-01
9.941893876694768428e-01, 2.651742306196321342e-01
9.969776858510467354e-01, 2.587441285428300208e-01
9.997308982883430506e-01, 2.522988942891499775e-01
1.002448887930234678e+00, 2.458388944485612737e-01
1.005131517725591728e+00, 2.393644956110343169e-01
1.007778650623282868e+00, 2.328760643665383212e-01
1.010390149572178098e+00, 2.263739673050435830e-01
1.012965877521146529e+00, 2.198585710165197327e-01
1.015505697419057274e+00, 2.133302420909364561e-01
1.018009472214780109e+00, 2.067893471182640219e-01
1.020477064857184368e+00, 2.002362526884715610e-01
1.022908338295139830e+00, 1.936713253915296473e-01
1.025303155477514938e+00, 1.870949318174076337e-01
1.027661379353179472e+00, 1.805074385560754835e-01
1.029982872871003430e+00, 1.739092121975031602e-01
1.032267498979855480e+00, 1.673006193316603218e-01
1.034515120628605400e+00, 1.606820265485167654e-01
1.036725600766122302e+00, 1.540538004380422876e-01
1.038898802341275962e+00, 1.474163075902068243e-01
1.041034588302935049e+00, 1.407699145949802277e-01
1.043132821599969784e+00, 1.341149880423322394e-01
1.045193365181249501e+00, 1.274518945222326560e-01
1.047216081995642645e+00, 1.207810006246515244e-01
1.049200834992019660e+00, 1.141026729395584194e-01
1.051147487119249879e+00, 1.074172780569231100e-01
1.053055901326201749e+00, 1.007251825667156708e-01
1.054925940561745490e+00, 9.402675305890607904e-02
1.056757467774750214e+00, 8.732235612346367359e-02
1.058550345914085256e+00, 8.061235835035843178e-02
1.060304437928620391e+00, 7.389712632956030314e-02
1.062019606767224733e+00, 6.717702665103905679e-02
1.063695715378767614e+00, 6.045242590476482270e-02
1.065332626712118591e+00, 5.372369068070691894e-02
1.066930203716146996e+00, 4.699118756883536446e-02
1.068488309339721942e+00, 4.025528315911995614e-02
1.070006806531713206e+00, 3.351634404153061575e-02
1.071485558240989899e+00, 2.677473680603722345e-02
1.072924427416421800e+00, 2.003082804260944427e-02
1.074323277006877575e+00, 1.328498434121705429e-02
1.075681969961227447e+00, 6.537572291829968352e-03
1.077000369228340526e+00, -2.110415155817807475e-04
1.078278337757086147e+00, -6.960490491048604289e-03
1.079515738496333421e+00, -1.371040804460056661e-02
1.080712434394951904e+00, -2.046042758626799574e-02
1.081868288401811595e+00, -2.721018252608103927e-02
1.082983163465781162e+00, -3.395930627406971991e-02
1.084056922535730161e+00, -4.070743224026428242e-02
1.085089428560528146e+00, -4.745419383469481889e-02
1.086080544489044231e+00, -5.419922446739168509e-02
1.087030133270147969e+00, -6.094215754838511190e-02
1.087938057852708917e+00, -6.768262648770495549e-02
1.088804181185595965e+00, -7.442026469538162714e-02
1.089628366217679112e+00, -8.115470558144528834e-02
1.090410475897827247e+00, -8.788558255592594792e-02
1.091150373174910593e+00, -9.461252902885397553e-02
1.091847920997797372e+00, -1.013351784102594771e-01
1.092502982315357807e+00, -1.080531641101726142e-01
1.093115420076461008e+00, -1.147661195386236593e-01
1.093685097229976311e+00, -1.214736781056423853e-01
1.094211876724773491e+00, -1.281754732212595227e-01
1.094695621509721217e+00, -1.348711382955050109e-01
1.095136194533689267e+00, -1.415603067384088587e-01
1.095533458745547195e+00, -1.482426119600015468e-01
1.095887277094164114e+00, -1.549176873703128066e-01
1.096197512528409801e+00, -1.615851663793733684e-01
1.096464027997153368e+00, -1.682446823972131578e-01
1.096686686449264370e+00, -1.748958688338622114e-01
1.096865350833611918e+00, -1.815383590993510099e-01
1.096999884099065570e+00, -1.881717866037091735e-01
1.097090149194494879e+00, -1.947957847569675160e-01
1.097136009068768736e+00, -2.014099869691559075e-01
1.097137326670757140e+00, -2.080140266503046342e-01
1.097093964949329203e+00, -2.146075372104437329e-01
1.097005786853354259e+00, -2.211901520596034065e-01
1.096872655331701862e+00, -2.277615046078136918e-01
1.096694433333241125e+00, -2.343212282651050971e-01
1.096470983806841382e+00, -2.408689564415076034e-01
1.096202169701372631e+00, -2.474043225470514973e-01
1.095887853965703762e+00, -2.539269599917668430e-01
1.095527899548704331e+00, -2.604365021856836493e-01
1.095122169399243672e+00, -2.669325825388324525e-01
1.094670526466191118e+00, -2.734148344612432058e-01
1.094172833698416447e+00, -2.798828913629461956e-01
1.093628954044788548e+00, -2.863363866539715419e-01
1.093038750454176977e+00, -2.927749537443493644e-01
1.092402085875451290e+00, -2.991982260441097274e-01
1.091718823257480597e+00, -3.056058369632831395e-01
1.090988825549134233e+00, -3.119974199118995539e-01
1.090211955699282642e+00, -3.183726082999893126e-01
1.089388076656793380e+00, -3.247310355375824242e-01
1.088517051370537336e+00, -3.310723350347087868e-01
1.087598742789383399e+00, -3.373961402013992417e-01
1.086633013862200681e+00, -3.437020844476835202e-01
1.085619727537858958e+00, -3.499898011835919087e-01
1.084558746765227566e+00, -3.562589238191545271e-01
1.083449934493175837e+00, -3.625090857644014397e-01
1.082293153670573549e+00, -3.687399204293632105e-01
1.081088267246288925e+00, -3.749510612240697371e-01
1.079835138169193076e+00, -3.811421415585511396e-01
1.078533629388153336e+00, -3.873127948428377598e-01
1.077183603852041260e+00, -3.934626544869594955e-01
1.075784924509724627e+00, -3.995913539009469106e-01
1.074337454310073658e+00, -4.056985264948299585e-01
1.072841056201957466e+00, -4.117838056786388146e-01
1.071295593134245161e+00, -4.178468248624037651e-01
1.069700928055806743e+00, -4.238872174561548745e-01
1.068056923915510881e+00, -4.299046168699220960e-01
1.066363443662228017e+00, -4.358986565137361602e-01
1.064620350244826597e+00, -4.418689697976267983e-01
1.062827506612176176e+00, -4.478151901316244077e-01
1.060984775713146311e+00, -4.537369509257589417e-01
1.059092020496606779e+00, -4.596338855900606868e-01
1.057149103911426469e+00, -4.655056275345599293e-01
1.055155888906474493e+00, -4.713518101692867335e-01
1.053112238430620851e+00, -4.771720669042713858e-01
1.051018015432734876e+00, -4.829660311495438396e-01
1.048873082861685679e+00, -4.887333363151344923e-01
1.046677303666342596e+00, -4.944736158110731861e-01
1.044430540795575180e+00, -5.001865030473905405e-01
1.042132657198252987e+00, -5.058716314341165088e-01
1.039783515823245574e+00, -5.115286343812814884e-01
1.037382979619421386e+00, -5.171571452989150997e-01
1.034930911535650866e+00, -5.227567975970479619e-01
1.032427174520802904e+00, -5.283272246857102505e-01
1.029871631523747055e+00, -5.338680599749319189e-01
1.027264145493351988e+00, -5.393789368747432533e-01
1.024604579378488145e+00, -5.448594887951745402e-01
1.021892796128024639e+00, -5.503093491462555109e-01
1.019128658690830580e+00, -5.557281513380170068e-01
1.016312030015775525e+00, -5.611155287804887593e-01
1.013442773051728807e+00, -5.664711148837011656e-01
1.010520750747559982e+00, -5.717945430576844013e-01
1.007545826052138160e+00, -5.770854467124680864e-01
1.004517861914333343e+00, -5.823434592580833957e-01
1.001436721283013975e+00, -5.875682141045595053e-01
9.983022671070501675e-01, -5.927593446619272566e-01
9.951143623353105871e-01, -5.979164843402164919e-01
9.918728699166655671e-01, -6.030392665494574977e-01
9.885776527999839969e-01, -6.081273246996803383e-01
9.852286436424609883e-01, -6.131803568332615528e-01
9.818261118752179550e-01, -6.181983732434976897e-01
9.783704284973507859e-01, -6.231814783957445592e-01
9.748619645289180458e-01, -6.281297767747924254e-01
9.713010909899776335e-01, -6.330433728654321079e-01
9.676881789005877810e-01, -6.379223711524548701e-01
9.640235992808072751e-01, -6.427668761206514203e-01
9.603077231506933487e-01, -6.475769922548123558e-01
9.565409215303051216e-01, -6.523528240397287181e-01
9.527235654397004927e-01, -6.570944759601912155e-01
9.488560258989375829e-01, -6.618020525009904453e-01
9.449386739280750680e-01, -6.664756581469181151e-01
9.409718805471707359e-01, -6.711153973827640451e-01
9.369560167762829295e-01, -6.757213746933193876e-01
9.328914536354698805e-01, -6.802936945633755172e-01
9.287785621447902651e-01, -6.848324614777226982e-01
9.246177133243012047e-01, -6.893377799211518608e-01
9.204092781940623746e-01, -6.938097543784538246e-01
9.161536277741308965e-01, -6.982484893344192978e-01
9.118511330845652241e-01, -7.026540892738395438e-01
9.075021651454243665e-01, -7.070266586815051602e-01
9.031070949767651124e-01, -7.113663020422069660e-01
8.986662935986472478e-01, -7.156731238407356699e-01
8.941801320311283385e-01, -7.199472285618825351e-01
8.896489812942661723e-01, -7.241887206904378260e-01
8.850732124081194252e-01, -7.283977047111923619e-01
8.804531963927464400e-01, -7.325742851089378505e-01
8.757893042682052265e-01, -7.367185663684641117e-01
8.710819070545543497e-01, -7.408306529745625202e-01
8.663313757718512642e-01, -7.449106494120238953e-01
8.615380814401553122e-01, -7.489586601656388343e-01
8.567023950795236154e-01, -7.529747897201981566e-01
8.518246877100155157e-01, -7.569591425604931256e-01
8.469053303516883568e-01, -7.609118231713140057e-01
8.419446940246007038e-01, -7.648329360374522823e-01
8.369431497488108995e-01, -7.687225856436979976e-01
8.319010685443769537e-01, -7.725808764748427482e-01
8.268188214313570983e-01, -7.764079130156767983e-01
8.216967794298097871e-01, -7.802037997509913003e-01
8.165353135597930301e-01, -7.839686411655768516e-01
8.113347948413655031e-01, -7.877025417442243826e-01
8.060955942945848829e-01, -7.914056059717251568e-01
8.008180829395096234e-01, -7.950779383328691052e-01
7.955026317961979565e-01, -7.987196433124481576e-01
7.901496118847084471e-01, -8.023308253952522451e-01
7.847593942250987720e-01, -8.059115890660722981e-01
7.793323498374274960e-01, -8.094620388096999131e-01
7.738688497417526291e-01, -8.129822791109249103e-01
7.683692649581324030e-01, -8.164724144545388862e-01
7.628339665066256048e-01, -8.199325493253322161e-01
7.572633254072901332e-01, -8.233627882080961635e-01
7.516577126801834430e-01, -8.267632355876207706e-01
7.460174993453652093e-01, -8.301339959486978559e-01
7.403430564228923316e-01, -8.334751737761177948e-01
7.346347549328243742e-01, -8.367868735546712955e-01
7.288929658952183477e-01, -8.400691997691489554e-01
7.231180603301328169e-01, -8.433222569043424821e-01
7.173104092576266799e-01, -8.465461494450421398e-01
7.114703836977571694e-01, -8.497409818760387479e-01
7.055983546705836273e-01, -8.529068586821232367e-01
6.996946931961633975e-01, -8.560438843480863147e-01
6.937597702945548228e-01, -8.591521633587190232e-01
6.877939569858164681e-01, -8.622318001988119596e-01
6.817976242900062323e-01, -8.652828993531562762e-01
6.757711432271827912e-01, -8.683055653065423485e-01
6.697148848174039326e-01, -8.712999025437616618e-01
6.636292200807282216e-01, -8.742660155496043695e-01
6.575145200372138898e-01, -8.772040088088616239e-01
6.513711557069187252e-01, -8.801139868063243554e-01
6.451994981099015147e-01, -8.829960540267830504e-01
6.389999182662199351e-01, -8.858503149550290834e-01
6.327727871959331063e-01, -8.886768740758528295e-01
6.265184759190984831e-01, -8.914758358740453303e-01
6.202373554557742974e-01, -8.942473048343972941e-01
6.139297968260192251e-01, -8.969913854416994292e-01
6.075961710498907209e-01, -8.997081821807431101e-01
6.012368491474482379e-01, -9.023977995363184901e-01
5.948522021387493419e-01, -9.050603419932168325e-01
5.884426010438518206e-01, -9.076959140362289569e-01
5.820084168828146831e-01, -9.103046201501456824e-01
5.755500206756957171e-01, -9.128865648197578286e-01
5.690677834425532655e-01, -9.154418525298556597e-01
5.625620762034458933e-01, -9.179705877652309942e-01
5.560332699784309440e-01, -9.204728750106738744e-01
5.494817357875677599e-01, -9.229488187509756747e-01
5.429078446509135736e-01, -9.253985234709269925e-01
5.363119675885277271e-01, -9.278220936553185361e-01
5.296944756204674531e-01, -9.302196337889412359e-01
5.230557397667913166e-01, -9.325912483565863553e-01
5.163961310475576605e-01, -9.349370418430439367e-01
5.097160204828243835e-01, -9.372571187331052434e-01
5.030157790926504946e-01, -9.395515835115613168e-01
4.962957778970935596e-01, -9.418205406632025323e-01
4.895563879162116994e-01, -9.440640946728199312e-01
4.827979801700637008e-01, -9.462823500252044440e-01
4.760209256787073517e-01, -9.484754112051470010e-01
4.692255954622012171e-01, -9.506433826974377554e-01
4.624123605406034732e-01, -9.527863689868684149e-01
4.555815919339717412e-01, -9.549044745582293547e-01
4.487336606623653634e-01, -9.569978038963113942e-01
4.418689377458416279e-01, -9.590664614859056858e-01
4.349877942044592105e-01, -9.611105518118027158e-01
4.280906010582759547e-01, -9.631301793587931925e-01
4.211777293273509248e-01, -9.651254486116686016e-01
4.142495500317416868e-01, -9.670964640552187630e-01
4.073064341915063613e-01, -9.690433301742358285e-01
4.003487528267038464e-01, -9.709661514535098403e-01
3.933768769573913748e-01, -9.728650323778312847e-01
3.863911776036283996e-01, -9.747400774319917582e-01
3.793920257854723754e-01, -9.765913911007815251e-01
3.723797925229813677e-01, -9.784190778689919599e-01
3.653548488362143298e-01, -9.802232422214129937e-01
3.583175657452286611e-01, -9.820039886428366671e-01
3.512683142700833705e-01, -9.837614216180528004e-01
3.442074654308365789e-01, -9.854956456318528790e-01
3.371353902475456854e-01, -9.872067651690273893e-01
3.300524597402701987e-01, -9.888948847143672616e-01
3.229590449290670739e-01, -9.905601087526633153e-01
3.158555168339957087e-01, -9.922025417687064808e-01
3.087422464751136131e-01, -9.938222882472873554e-01
3.016196048724789081e-01, -9.954194526731970916e-01
2.944879630461506026e-01, -9.969941395312262866e-01
2.873476920161859849e-01, -9.985464533061658710e-01
2.801991628026442860e-01, -1.000076498482806553e+00
2.730427464255830716e-01, -1.001584379545939374e+00
2.658788139050604071e-01, -1.003070200980355153e+00
2.587077362611350795e-01, -1.004534067270844266e+00
2.515298845138648764e-01, -1.005976082902198421e+00
2.443456296833085850e-01, -1.007396352359207548e+00
2.371553427895236599e-01, -1.008794980126662688e+00
2.299593948525691656e-01, -1.010172070689355106e+00
2.227581568925029176e-01, -1.011527728532075399e+00
2.155519999293828981e-01, -1.012862058139614385e+00
2.083412949832679495e-01, -1.014175163996762885e+00
2.011264130742156930e-01, -1.015467150588311940e+00
1.939077252222848879e-01, -1.016738122399051925e+00
1.866856024475335718e-01, -1.017988183913774325e+00
1.794604157700195879e-01, -1.019217439617269294e+00
1.722325362098018064e-01, -1.020425993994327873e+00
1.650023347869379320e-01, -1.021613951529740882e+00
1.577701825214867792e-01, -1.022781416708299584e+00
1.505364504335026388e-01, -1.023928494014777257e+00
1.433014979839850878e-01, -1.025055233772957930e+00
1.360656393305814116e-01, -1.026161474033687737e+00
1.288291775336293521e-01, -1.027247000850376901e+00
1.215924156534680806e-01, -1.028311600276436533e+00
1.143556567504356997e-01, -1.029355058365276632e+00
1.071192038848701455e-01, -1.030377161170308753e+00
9.988336011711063112e-02, -1.031377694744942675e+00
9.264842850749481495e-02, -1.032356445142589063e+00
8.541471211636195160e-02, -1.033313198416658585e+00
7.818251400404999107e-02, -1.034247740620562128e+00
7.095213723089693891e-02, -1.035159857807710360e+00
6.372388485724206353e-02, -1.036049336031513057e+00
5.649805994342303045e-02, -1.036915961345381554e+00
4.927496554977902482e-02, -1.037759519802725849e+00
4.205490473664795503e-02, -1.038579797456957277e+00
3.483818056436797927e-02, -1.039376580361485614e+00
2.762509609327824106e-02, -1.040149654569722193e+00
2.041595438371646837e-02, -1.040898806135077015e+00
1.321105849602167114e-02, -1.041623821110961190e+00
6.010711490532112504e-03, -1.042324485550784940e+00
-1.184783572414355949e-03, -1.043000585507958489e+00
-8.375123632478453234e-03, -1.043651907035893833e+00
-1.556000562932258365e-02, -1.044278236187999642e+00
-2.273912650260749568e-02, -1.044879359017688136e+00
-2.991218319199559147e-02, -1.045455061578369094e+00
-3.707887263714759046e-02, -1.046005129923452959e+00
-4.423889177772552528e-02, -1.046529350106350842e+00
-5.139193755339147712e-02, -1.047027508180473188e+00
-5.853770690380601105e-02, -1.047499390199230440e+00
-6.567589676863171133e-02, -1.047944782216033044e+00
-7.280620408752926098e-02, -1.048363470284291887e+00
-7.992832580016066835e-02, -1.048755240457417193e+00
-8.704195884618773360e-02, -1.049119878788820293e+00
-9.414680016527159079e-02, -1.049457171331910965e+00
-1.012425466970743315e-01, -1.049766904140100321e+00
-1.083288953812568817e-01, -1.050048863266798582e+00
-1.154055431574810692e-01, -1.050302834765416415e+00
-1.224721869654090411e-01, -1.050528604689364487e+00
-1.295285237447015014e-01, -1.050725959092053685e+00
-1.365742504350208331e-01, -1.050894684026894010e+00
-1.436090639760278509e-01, -1.051034565547296795e+00
-1.506326613073844800e-01, -1.051145389706671596e+00
-1.576447393687527565e-01, -1.051226942558429744e+00
-1.646449950997934952e-01, -1.051279010155982130e+00
-1.716331254401688433e-01, -1.051301378552738308e+00
-1.786088273295398932e-01, -1.051293833802109612e+00
-1.855717977075684866e-01, -1.051256161957506485e+00
-1.925217335139165209e-01, -1.051188149072339595e+00
-1.994583316882448665e-01, -1.051089581200018941e+00
-2.063812891702160035e-01, -1.050960244393956300e+00
-2.132903028994904970e-01, -1.050799924707561006e+00
-2.201850698157308828e-01, -1.050608408194244392e+00
-2.270652868585978368e-01, -1.050385480907416680e+00
-2.339306509677534507e-01, -1.050130928900488536e+00
-2.407808590828596218e-01, -1.049844538226871071e+00
-2.476156081435772205e-01, -1.049526094939974286e+00
-2.544345950895683939e-01, -1.049175385093208401e+00
-2.612375168604941789e-01, -1.048792194739984973e+00
-2.680240703960166115e-01, -1.048376309933714445e+00
-2.747939526357973117e-01, -1.047927516727806374e+00
-2.815468605194973439e-01, -1.047445601175672314e+00
-2.882824909867791607e-01, -1.046930349330722709e+00
-2.950005409773032716e-01, -1.046381547246368005e+00
-3.017007074307317960e-01, -1.045798980976019088e+00
-3.083826872867266311e-01, -1.045182436573085738e+00
-3.150461774849487306e-01, -1.044531700090979731e+00
-3.216908749650602695e-01, -1.043846557583110179e+00
-3.283164766667223122e-01, -1.043126795102889526e+00
-3.349226795295965897e-01, -1.042372198703726438e+00
-3.415091804933451658e-01, -1.041582554439032915e+00
-3.480756764976287720e-01, -1.040757648362218957e+00
-3.546218644821098054e-01, -1.039897266526695008e+00
-3.611474413864491639e-01, -1.039001194985872178e+00
-3.676521041503086895e-01, -1.038069219793160469e+00
-3.741355497133502794e-01, -1.037101127001970546e+00
-3.805974750152350539e-01, -1.036096702665713520e+00
-3.870375769956250211e-01, -1.035055732837799836e+00
-3.934555525941810794e-01, -1.033978003571639492e+00
-3.998510987505653480e-01, -1.032863300920643823e+00
-4.062239124044396688e-01, -1.031711410938223050e+00
-4.125736904954648843e-01, -1.030522119677787840e+00
-4.189001299633032804e-01, -1.029295213192748415e+00
-4.252029277476157554e-01, -1.028030477536515663e+00
-4.314817807880643175e-01, -1.026727698762500696e+00
-4.377363860243108085e-01, -1.025386662924113068e+00
-4.439664403960160155e-01, -1.024007156074764113e+00
-4.501716408428424465e-01, -1.022588964267864053e+00
-4.563516843044506666e-01, -1.021131873556823777e+00
-4.625062677205032946e-01, -1.019635669995053506e+00
-4.686350880306611177e-01, -1.018100139635964574e+00
-4.747378421745859778e-01, -1.016525068532966758e+00
-4.808142270919397721e-01, -1.014910242739470503e+00
-4.868639397223835652e-01, -1.013255448308887141e+00
-4.928866770055793101e-01, -1.011560471294627117e+00
-4.988821358811882933e-01, -1.009825097750100431e+00
-5.048500132888721348e-01, -1.008049113728718416e+00
-5.107900061682929538e-01, -1.006232305283891293e+00
-5.167018114591115374e-01, -1.004374458469029507e+00
-5.225851261009899495e-01, -1.002475359337543503e+00
-5.284396470335898099e-01, -1.000534793942844836e+00
-5.342650711965722943e-01, -9.985525483383433931e-01
-5.400610955295994664e-01, -9.965284085774491762e-01
-5.458274169723325020e-01, -9.944621607135739616e-01
-5.515637324644334649e-01, -9.923535908001275274e-01
-5.572697389455631978e-01, -9.902024848905207621e-01
-5.629451333553837644e-01, -9.880086290381645542e-01
-5.685896126335570067e-01, -9.857718092964686818e-01
-5.742028737197438781e-01, -9.834918117188444775e-01
-5.797846135536064427e-01, -9.811684223587018305e-01
-5.853345290748059870e-01, -9.788014272694522955e-01
-5.908523172230040199e-01, -9.763906125045054285e-01
-5.963376749378628272e-01, -9.739357641172725621e-01
-6.017902991590430295e-01, -9.714366681611638077e-01
-6.072098868262069127e-01, -9.688931106895899426e-01
-6.125961348790154304e-01, -9.663048777559616331e-01
-6.179487402571310906e-01, -9.636717554136894348e-01
-6.232673999002146248e-01, -9.609935297161842360e-01
-6.285518107479277639e-01, -9.582699867168559260e-01
-6.338016697399323496e-01, -9.555009124691153932e-01
-6.390166738158900017e-01, -9.526860930263733040e-01
-6.441965199154617849e-01, -9.498253144420404359e-01
-6.493409049783097631e-01, -9.469183627695273442e-01
-6.544495259440953339e-01, -9.439650240622442512e-01
-6.595220797524800060e-01, -9.409650843736018233e-01
-6.645582633431260655e-01, -9.379183297570106159e-01
-6.695577736556940218e-01, -9.348245462658816285e-01
-6.745203076298459388e-01, -9.316835199536253054e-01
-6.794455622052433252e-01, -9.284950368736519799e-01
-6.843332343215480229e-01, -9.252588830793725405e-01
-6.891830209184217626e-01, -9.219748446241968765e-01
-6.939946189355251649e-01, -9.186427075615363202e-01
-6.987677253125206267e-01, -9.152622579448016493e-01
-7.035020369890696568e-01, -9.118332818274029750e-01
-7.081972509048333198e-01, -9.083555652627506305e-01
-7.128530639994744567e-01, -9.048288943042552823e-01
-7.174691732126527999e-01, -9.012530550053281519e-01
-7.220452754840314125e-01, -8.976278334193795727e-01
-7.265810677532714701e-01, -8.939530155998202110e-01
-7.310762469600339264e-01, -8.902283876000600671e-01
-7.355305100439817334e-01, -8.864537354735100294e-01
-7.399435539447748456e-01, -8.826288452735807644e-01
-7.443150756020759928e-01, -8.787535030536830494e-01
-7.486447759797437707e-01, -8.748274998604140817e-01
-7.529325460658709002e-01, -8.708508625206615728e-01
-7.571785451001891154e-01, -8.668239507054364967e-01
-7.613829525774431506e-01, -8.627471492179826784e-01
-7.655459479923781840e-01, -8.586208428615422772e-01
-7.696677108397390610e-01, -8.544454164393578965e-01
-7.737484206142710708e-01, -8.502212547546720289e-01
-7.777882568107196137e-01, -8.459487426107269448e-01
-7.817873989238284249e-01, -8.416282648107661357e-01
-7.857460264483431267e-01, -8.372602061580314281e-01
-7.896643188790085643e-01, -8.328449514557656475e-01
-7.935424557105700272e-01, -8.283828855072111752e-01
-7.973806164377729155e-01, -8.238743931156106148e-01
-8.011789805553608534e-01, -8.193198590842070139e-01
-8.049377275580800184e-01, -8.147196682162428649e-01
-8.086570369406743675e-01, -8.100742053149598831e-01
-8.123370881978897451e-01, -8.053838551836016713e-01
-8.159780608244712186e-01, -8.006490026254098336e-01
-8.195801343151626339e-01, -7.958700324436279727e-01
-8.231434881647100577e-01, -7.910473294414984702e-01
-8.266683018678581130e-01, -7.861812784222635964e-01
-8.301547549193513120e-01, -7.812722641891656217e-01
-8.336030268139357213e-01, -7.763206715454473716e-01
-8.370132970463550759e-01, -7.713268852943518938e-01
-8.403857451113551091e-01, -7.662912902391214587e-01
-8.437205505036806663e-01, -7.612142711829987807e-01
-8.470178927180768147e-01, -7.560962129292253531e-01
-8.502779512492885106e-01, -7.509375002810456667e-01
-8.535009055920600440e-01, -7.457385180417012149e-01
-8.566869352411372596e-01, -7.404996510144344901e-01
-8.598362196912647804e-01, -7.352212840024884288e-01
-8.629489384371878957e-01, -7.299038018091048574e-01
-8.660252709736507848e-01, -7.245475892375274896e-01
-8.690653967953994030e-01, -7.191530310909984847e-01
-8.720694953971777075e-01, -7.137205121727601131e-01
-8.750377462737315426e-01, -7.082504172860550895e-01
-8.779703289198057536e-01, -7.027431312341256842e-01
-8.808674228301448528e-01, -6.971990388202152777e-01
-8.837292074994943514e-01, -6.916185248475661407e-01
-8.865558624225985396e-01, -6.860019741194206544e-01
-8.893475670942031508e-01, -6.803497714390216444e-01
-8.921045010090529193e-01, -6.746623016096108261e-01
-8.948268436618923571e-01, -6.689399494344319130e-01
-8.975147745474668648e-01, -6.631830997167271757e-01
-9.001684731605212875e-01, -6.573921372597391066e-01
-9.027881189958010255e-01, -6.515674468667103092e-01
-9.053738915480505911e-01, -6.457094133408827208e-01
-9.079259703120149405e-01, -6.398184214854998331e-01
-9.104445347824390300e-01, -6.338948561038041385e-01
-9.129297644540680379e-01, -6.279391019990377965e-01
-9.153818388216469204e-01, -6.219515439744438545e-01
-9.178009373799205228e-01, -6.159325668332634729e-01
-9.201872396236341345e-01, -6.098825553787415865e-01
-9.225409250475320455e-01, -6.038018944141192446e-01
-9.248621731463598783e-01, -5.976909687426394946e-01
-9.271511634148624781e-01, -5.915501631675448291e-01
-9.294080753477849122e-01, -5.853798624920770743e-01
-9.316330884398718037e-01, -5.791804515194799441e-01
-9.338263821858682201e-01, -5.729523150529958198e-01
-9.359881360805190065e-01, -5.666958378958668607e-01
-9.381185296185696743e-01, -5.604114048513360036e-01
-9.402177422947647356e-01, -5.540994007226447415e-01
-9.422859536038495909e-01, -5.477602103130374545e-01
-9.443233430405686413e-01, -5.413942184257557466e-01
-9.463300900996671761e-01, -5.350018098640424435e-01
-9.483063742758901515e-01, -5.285833694311398157e-01
-9.502523750639825240e-01, -5.221392819302898003e-01
-9.521682719586892496e-01, -5.156699321647366663e-01
-9.540542444547552847e-01, -5.091757049377220179e-01
-9.559104720469255856e-01, -5.026569850524885696e-01
-9.577371342299453305e-01, -4.961141573122790360e-01
-9.595344104985594758e-01, -4.895476065203348548e-01
-9.613024803475124225e-01, -4.829577174799003503e-01
-9.630415232715500151e-01, -4.763448749942172933e-01
-9.647517187654164328e-01, -4.697094638665283983e-01
-9.664332463238574089e-01, -4.630518689000761023e-01
-9.680862854416174557e-01, -4.563724748981022872e-01
-9.697110156134413073e-01, -4.496716666638510551e-01
-9.713076163340743641e-01, -4.429498290005640104e-01
-9.728762670982612493e-01, -4.362073467114840342e-01
-9.744171474007474743e-01, -4.294446045998536743e-01
-9.759304367362778843e-01, -4.226619874689146461e-01
-9.774163145995969915e-01, -4.158598801219112184e-01
-9.788749604854500852e-01, -4.090386673620848845e-01
-9.803065538885818997e-01, -4.021987339926784699e-01
-9.817112743037382794e-01, -3.953404648169338564e-01
-9.830893012256630703e-01, -3.884642446380949243e-01
-9.844408141491015618e-01, -3.815704582594036665e-01
-9.857659925687987101e-01, -3.746594904841024642e-01
-9.870650159795001377e-01, -3.677317261154341987e-01
-9.883380638759502457e-01, -3.607875499566404742e-01
-9.895853157528942123e-01, -3.538273468109653930e-01
-9.908069511050765499e-01, -3.468515014816508923e-01
-9.920031494272426587e-01, -3.398603987719395203e-01
-9.931740902141373839e-01, -3.328544234850736583e-01
-9.943199529605061260e-01, -3.258339604242955212e-01
-9.954409171610932860e-01, -3.187993943928488783e-01
-9.965371623106439314e-01, -3.117511101939757223e-01
-9.976088679039029072e-01, -3.046894926309184348e-01
-9.986562134356157250e-01, -2.976149265069197858e-01
-9.996793784005271188e-01, -2.905277966252215460e-01
-1.000678542293381934e+00, -2.834284877890678178e-01
-1.001653884608925127e+00, -2.763173848017004275e-01
-1.002605584841901543e+00, -2.691948724663618675e-01
-1.003533822487056693e+00, -2.620613355862949634e-01
-1.004438777039135200e+00, -2.549171589647411529e-01
-1.005320627992881688e+00, -2.477627274049448991e-01
-1.006179554843041668e+00, -2.405984257101477786e-01
-1.007015737084360207e+00, -2.334246386835925891e-01
-1.007829354211581707e+00, -2.262417511285217953e-01
-1.008620585719451901e+00, -2.190501478481771125e-01
-1.009389611102714746e+00, -2.118502136458026985e-01
-1.010136609856115975e+00, -2.046423333246406018e-01
-1.010861761474400433e+00, -1.974268916879331481e-01
-1.011565245452313189e+00, -1.902042735389229688e-01
-1.012247241284598864e+00, -1.829748636808518347e-01
-1.012907928466002527e+00, -1.757390469169640701e-01
-1.013547486491269467e+00, -1.684972080505012237e-01
-1.014166032785863036e+00, -1.612497347146747140e-01
-1.014763433531552961e+00, -1.539970259978278022e-01
-1.015339491348701051e+00, -1.467394838863029516e-01
-1.015894008857665121e+00, -1.394775103664453453e-01
-1.016426788678804094e+00, -1.322115074245978628e-01
-1.016937633432476007e+00, -1.249418770471040357e-01
-1.017426345739039339e+00, -1.176690212203074515e-01
-1.017892728218852127e+00, -1.103933419305509478e-01
-1.018336583492272851e+00, -1.031152411641796385e-01
-1.018757714179659546e+00, -9.583512090753645851e-02
-1.019155922901370470e+00, -8.855338314696484248e-02
-1.019531012277764326e+00, -8.127042986880840536e-02
-1.019882784929199593e+00, -7.398666305941001275e-02
-1.020211043476033419e+00, -6.670248470511473682e-02
-1.020515590538625617e+00, -5.941829679226553335e-02
-1.020796228737332889e+00, -5.213450130720582998e-02
-1.021052760692514827e+00, -4.485150023627934579e-02
-1.021284989024529244e+00, -3.756969556582880759e-02
-1.021492716353734398e+00, -3.028948928219938469e-02
-1.021675745300488547e+00, -2.301128337173385593e-02
-1.021833878485150171e+00, -1.573547982077591612e-02
-1.021966918528077306e+00, -8.462480615669036241e-03
-1.022074668049628432e+00, -1.192687742756126136e-03
-1.022156929670161807e+00, 6.073496811617769796e-03
-1.022213506010035466e+00, 1.333567106110982586e-02
-1.022244199689608335e+00, 2.059343301937626228e-02
-1.022248813329238226e+00, 2.784638070007374594e-02
-1.022227149549283176e+00, 3.509411211685937310e-02
-1.022179010970102109e+00, 4.233622528338795016e-02
-1.022104200212052616e+00, 4.957231821331671562e-02
-1.022002519895493844e+00, 5.680198892030201979e-02
-1.021873772640783606e+00, 6.402483541800034483e-02
-1.021717761068279939e+00, 7.124045572006887372e-02
-1.021534287798341545e+00, 7.844844784016238859e-02
-1.021323155451326681e+00, 8.564840979193812098e-02
-1.021084166647593605e+00, 9.283993958905249755e-02
-1.020817124007500132e+00, 1.000226352451627498e-01
-1.020521830151405407e+00, 1.071960947739235559e-01
-1.020198087699667244e+00, 1.143599161889923693e-01
-1.019845699272643680e+00, 1.215136975040254086e-01
-1.019464467490693638e+00, 1.286570367326790310e-01
-1.019054194974175154e+00, 1.357895318886106761e-01
-1.018614684343445820e+00, 1.429107809854748556e-01
-1.018145738218865004e+00, 1.500203820369291341e-01
-1.017647159220790520e+00, 1.571179330566296328e-01
-1.017118749969580849e+00, 1.642030320582329173e-01
-1.016560313085593581e+00, 1.712752770553960802e-01
-1.015971651189187863e+00, 1.783342660617739939e-01
-1.015352566900721731e+00, 1.853795970910239455e-01
-1.014702862840553221e+00, 1.924108681568022505e-01
-1.014022341629041035e+00, 1.994276772727653357e-01
-1.013310805886543209e+00, 2.064296224525703216e-01
-1.012568058233417778e+00, 2.134163017098722470e-01
-1.011793901290023889e+00, 2.203873130583281215e-01
-1.010988137676718690e+00, 2.273422545115943161e-01
-1.010150570013861548e+00, 2.342807240833275351e-01
-1.009281000921809834e+00, 2.412023197871846492e-01
-1.008379233020922694e+00, 2.481066396368207250e-01
-1.007445068931557497e+00, 2.549932816458927443e-01
-1.006478311274073167e+00, 2.618618438280573835e-01
-1.005478762668828407e+00, 2.687119241969708194e-01
-1.004446225736180143e+00, 2.755431207662902837e-01
-1.003380503096487741e+00, 2.823550315496707319e-01
-1.002281397370109683e+00, 2.891472545607693401e-01
-1.001148711177403339e+00, 2.959193878132423960e-01
-9.999822471387277423e-01, 3.026710293207463542e-01
-9.987818078744407080e-01, 3.094017770969385017e-01
-9.975471960049007158e-01, 3.161112291554736831e-01
-9.962782141504663569e-01, 3.227989835100089078e-01
-9.949746649314954450e-01, 3.294646381742007413e-01
-9.936363509683466821e-01, 3.361077911617056935e-01
-9.922630748813778823e-01, 3.427280404861806073e-01
-9.908546392909476364e-01, 3.493249841612806605e-01
-9.894108468174145354e-01, 3.558982202006629181e-01
-9.879315000811362824e-01, 3.624473466179838343e-01
-9.864164017024713571e-01, 3.689719614268996972e-01
-9.848653543017779066e-01, 3.754716626410677383e-01
-9.832781604994148550e-01, 3.819460482741430796e-01
-9.816546229157400161e-01, 3.883947163397824531e-01
-9.799945441711118699e-01, 3.948172648516426464e-01
-9.782977268858882303e-01, 4.012132918233798917e-01
-9.765639736804275772e-01, 4.075823952686513096e-01
-9.747930871750889459e-01, 4.139241732011120223e-01
-9.729848699902298170e-01, 4.202382236344188726e-01
-9.711391247462087817e-01, 4.265241445822286481e-01
-9.692556540633840978e-01, 4.327815340581975256e-01
-9.673342605621135792e-01, 4.390099900759824592e-01
-9.653747468627562611e-01, 4.452091106492387929e-01
-9.633769155856702904e-01, 4.513784937916235362e-01
-9.613405693512137029e-01, 4.575177375167929217e-01
-9.592655107797448677e-01, 4.636264398384035701e-01
-9.571515424916217096e-01, 4.697041987701124910e-01
-9.549984671072034859e-01, 4.757506123255748065e-01
-9.528060872468476772e-01, 4.817652785184474151e-01
-9.505742055309128746e-01, 4.877477953623869378e-01
-9.483026245797573361e-01, 4.936977608710503840e-01
-9.459911470137390976e-01, 4.996147730580925983e-01
-9.436395754532168612e-01, 5.054984299371709788e-01
-9.412477125185489957e-01, 5.113483295219420910e-01
-9.388153608300932040e-01, 5.171640698260617786e-01
-9.363423230082079662e-01, 5.229452488631876061e-01
-9.338284016732519843e-01, 5.286914646469743628e-01
-9.312733994455831832e-01, 5.344023151910791691e-01
-9.286771189455600428e-01, 5.400773985091584795e-01
-9.260393627935407102e-01, 5.457163126148688592e-01
-9.233599336098834431e-01, 5.513186555218672069e-01
-9.206386340149468328e-01, 5.568840252438085336e-01
-9.178752666290888040e-01, 5.624120197943500710e-01
-9.150696340726675038e-01, 5.679022371871480512e-01
-9.122215389660421891e-01, 5.733542754358593729e-01
-9.093307839295700079e-01, 5.787677325541403794e-01
-9.063971715836096621e-01, 5.841422065556467480e-01
-9.034205045485200758e-01, 5.894772954540352661e-01
-9.004005854446583967e-01, 5.947725972629622770e-01
-8.973372168923841041e-01, 6.000277099960845684e-01
-8.942302015120540126e-01, 6.052422316670587055e-01
-8.910793419240279345e-01, 6.104157602895401435e-01
-8.878844407486634616e-01, 6.155478938771857811e-01
-8.846453006063186297e-01, 6.206382304436519615e-01
-8.813617241173525851e-01, 6.256863680025955832e-01
-8.780335139021223645e-01, 6.306919045676731006e-01
-8.746604725809872249e-01, 6.356544381525397469e-01
-8.712424027743054245e-01, 6.405735667708529757e-01
-8.677791071024348879e-01, 6.454488884362687973e-01
-8.642703881857343173e-01, 6.502800011624438881e-01
-8.607160486445609715e-01, 6.550665029630348135e-01
-8.571158910992743296e-01, 6.598079918516972509e-01
-8.534697181702326496e-01, 6.645040658420880986e-01
-8.497773324777936343e-01, 6.691543229478638111e-01
-8.460385366423157638e-01, 6.737583611826805097e-01
-8.422531332841568519e-01, 6.783157785601953149e-01
-8.384209250236762667e-01, 6.828261730940637930e-01
-8.345417144812312671e-01, 6.872891427979426204e-01
-8.306153042771813322e-01, 6.917042856854882515e-01
-8.266414970318833877e-01, 6.960711997703570297e-01
-8.226200991506646965e-01, 7.003894868596356460e-01
-8.185511324693189872e-01, 7.046589646724549238e-01
-8.144349461993551920e-01, 7.088797790354894879e-01
-8.102719169627191631e-01, 7.130521032471235365e-01
-8.060624213813568639e-01, 7.171761106057420454e-01
-8.018068360772133696e-01, 7.212519744097298791e-01
-7.975055376722361977e-01, 7.252798679574709029e-01
-7.931589027883706455e-01, 7.292599645473499814e-01
-7.887673080475624543e-01, 7.331924374777520903e-01
-7.843311300717579204e-01, 7.370774600470620941e-01
-7.798507454829024521e-01, 7.409152055536641912e-01
-7.753265309029431229e-01, 7.447058472959429132e-01
-7.707588629538251190e-01, 7.484495585722832356e-01
-7.661481182574946258e-01, 7.521465126810701340e-01
-7.614946734358971625e-01, 7.557968829206872519e-01
-7.567989051109791365e-01, 7.594008425895205638e-01
-7.520611899046867332e-01, 7.629585649859536023e-01
-7.472819044389655829e-01, 7.664702234083712318e-01
-7.424614253357618709e-01, 7.699359911551586499e-01
-7.376001292170214496e-01, 7.733560415247000552e-01
-7.326983927046895051e-01, 7.767305478153803122e-01
-7.277565924207134440e-01, 7.800596833255837304e-01
-7.227751049870388966e-01, 7.833436213536953963e-01
-7.177543070256111601e-01, 7.865825351980995084e-01
-7.126945751583768640e-01, 7.897765981571811533e-01
-7.075962860072813054e-01, 7.929259835293254177e-01
-7.024598161942708918e-01, 7.960308646129155008e-01
-6.972855423412918086e-01, 7.990914147063371553e-01
-6.920738410702897969e-01, 8.021078071079748018e-01
-6.868250890032101541e-01, 8.050802151162133047e-01
-6.815396627620001757e-01, 8.080088120294367515e-01
-6.762179389686050479e-01, 8.108937711460300068e-01
-6.708602942449711781e-01, 8.137352657643784903e-01
-6.654671052130438635e-01, 8.165334691828655123e-01
-6.600387484947692895e-01, 8.192885546998769364e-01
-6.545756007120938635e-01, 8.220006956137966281e-01
-6.490780384869632158e-01, 8.246700652230096740e-01
-6.435464384413235317e-01, 8.272968368259004945e-01
-6.379811771971207746e-01, 8.298811837208538433e-01
-6.323826313763001306e-01, 8.324232792062544739e-01
-6.267511776008086732e-01, 8.349232965804868067e-01
-6.210871924925921439e-01, 8.373814091419355954e-01
-6.153910526735961728e-01, 8.397977901889851493e-01
-6.096631347657668343e-01, 8.421726130200207772e-01
-6.039038153910496476e-01, 8.445060509334271215e-01
-5.981134711713915753e-01, 8.467982772275883807e-01
-5.922924787287383586e-01, 8.490494652008891974e-01
-5.864412146850355168e-01, 8.512597881517144360e-01
-5.805600556622292352e-01, 8.534294193784486282e-01
-5.746493782822647001e-01, 8.555585321794768605e-01
-5.687095591670893180e-01, 8.576472998531831093e-01
-5.627409749386487192e-01, 8.596958956979526834e-01
-5.567440022188883120e-01, 8.617044930121693369e-01
-5.507190176297542816e-01, 8.636732650942187117e-01
-5.446663977931920364e-01, 8.656023852424850062e-01
-5.385865193311488719e-01, 8.674920267553527520e-01
-5.324797588655700853e-01, 8.693423629312069245e-01
-5.263464930184016399e-01, 8.711535670684319443e-01
-5.201870984115893881e-01, 8.729258124654127871e-01
-5.140019516670785160e-01, 8.746592724205335401e-01
-5.077914294068169854e-01, 8.763541202321794010e-01
-5.015559082527492052e-01, 8.780105291987343463e-01
-4.952957648268219715e-01, 8.796286726185837956e-01
-4.890113757509805814e-01, 8.812087237901120584e-01
-4.827031176471710539e-01, 8.827508560117039993e-01
-4.763713671373400738e-01, 8.842552425817437056e-01
-4.700165008434330494e-01, 8.857220567986163751e-01
-4.636388953873963326e-01, 8.871514719607064281e-01
-4.572389273911756091e-01, 8.885436613663986183e-01
-4.508169734767160097e-01, 8.898987983140776992e-01
-4.443734102659651075e-01, 8.912170561021279802e-01
-4.379086143808682552e-01, 8.924986080289343260e-01
-4.314229624433714161e-01, 8.937436273928816011e-01
-4.249168310754204980e-01, 8.949522874923542259e-01
-4.183905968989604651e-01, 8.961247616257365101e-01
-4.118446365359392236e-01, 8.972612230914137621e-01
-4.052793266083017376e-01, 8.983618451877701805e-01
-3.986950437379940815e-01, 8.994268012131908518e-01
-3.920921645469622185e-01, 9.004562644660598636e-01
-3.854710656571512239e-01, 9.014504082447623023e-01
-3.788321236905089484e-01, 9.024094058476826996e-01
-3.721757152689801895e-01, 9.033334305732054759e-01
-3.655022170145111327e-01, 9.042226557197157177e-01
-3.588120055490476856e-01, 9.050772545855977347e-01
-3.521054574945351456e-01, 9.058974004692363913e-01
-3.453829494729209193e-01, 9.066832666690161080e-01
-3.386448581061503038e-01, 9.074350264833218604e-01
-3.318915600161692625e-01, 9.081528532105379581e-01
-3.251234318249229815e-01, 9.088369201490493765e-01
-3.183408501543587010e-01, 9.094874005972404252e-01
-3.115441916264221067e-01, 9.101044678534960797e-01
-3.047338328630589954e-01, 9.106882952162007605e-01
-2.979101504862152749e-01, 9.112390559837393322e-01
-2.910735211178361870e-01, 9.117569234544962153e-01
-2.842243213798691381e-01, 9.122420709268562744e-01
-2.773629278942594811e-01, 9.126946716992039299e-01
-2.704897172829531793e-01, 9.131148990699241574e-01
-2.636050661678960849e-01, 9.135029263374012665e-01
-2.567093511710335507e-01, 9.138589268000200105e-01
-2.498029489143129278e-01, 9.141830737561651432e-01
-2.428862360196795134e-01, 9.144755405042214180e-01
-2.359595891090793263e-01, 9.147365003425731445e-01
-2.290233848044583298e-01, 9.149661265696054091e-01
-2.220779997277617657e-01, 9.151645924837025214e-01
-2.151238105009369017e-01, 9.153320713832491240e-01
-2.081611937459292017e-01, 9.154687365666301924e-01
-2.011905260846846011e-01, 9.155747613322300360e-01
-1.942121841391490356e-01, 9.156503189784336305e-01
-1.872265445312675802e-01, 9.156955828036251743e-01
-1.802339838829879470e-01, 9.157107261061897541e-01
-1.732348788162552111e-01, 9.156959221845119012e-01
-1.662296059530155024e-01, 9.156513443369760363e-01
-1.592185419152146730e-01, 9.155771658619671349e-01
-1.522020633247979093e-01, 9.154735600578695065e-01
-1.451805468037127844e-01, 9.153407002230686818e-01
-1.381543689739044289e-01, 9.151787596559480820e-01
-1.311239064573189728e-01, 9.149879116548929048e-01
-1.240895358759023376e-01, 9.147683295182880148e-01
-1.170516338515994736e-01, 9.145201865445177214e-01
-1.100105770063582733e-01, 9.142436560319671113e-01
-1.029667419621237007e-01, 9.139389112790201608e-01
-9.592050534084183011e-02, 9.136061255840621786e-01
-8.887224376445850005e-02, 9.132454722454775853e-01
-8.182233385491918809e-02, 9.128571245616510232e-01
-7.477115223417116208e-02, 9.124412558309670240e-01
-6.771907552415962206e-02, 9.119980393518103412e-01
-6.066648034683071178e-02, 9.115276484225657283e-01
-5.361374332413032517e-02, 9.110302563416177168e-01
-4.656124107800364842e-02, 9.105060364073509493e-01
-3.950935023039818528e-02, 9.099551619181501794e-01
-3.245844740325913580e-02, 9.093778061723998274e-01
-2.540890921853258821e-02, 9.087741424684849800e-01
-1.836111229816440871e-02, 9.081443441047899467e-01
-1.131543326409981121e-02, 9.074885843796991480e-01
-4.272248738286230085e-03, 9.068070365915978925e-01
2.768064657330995826e-03, 9.060998740388703787e-01
9.805130300805875443e-03, 9.053672700199014711e-01
1.683857157019255646e-02, 9.046093978330757013e-01
2.386801184354570005e-02, 9.038264307767777117e-01
3.089307449891791346e-02, 9.030185421493921449e-01
3.791338291436394115e-02, 9.021859052493037545e-01
4.492856046793776426e-02, 9.013286933748971830e-01
5.193823053769351661e-02, 9.004470798245569618e-01
5.894201650168597040e-02, 8.995412378966677336e-01
6.593954173796745533e-02, 8.986113408896143628e-01
7.293042962459291012e-02, 8.976575621017813811e-01
7.991430353961644084e-02, 8.966800748315535419e-01
8.689078686109180660e-02, 8.956790523773151547e-01
9.385950296707415430e-02, 8.946546680374511951e-01
1.008200752356156055e-01, 8.936070951103461946e-01
1.077721270447712376e-01, 8.925365068943846847e-01
1.147152817725949348e-01, 8.914430766879519741e-01
1.216491627971408446e-01, 8.903269777894320391e-01
1.285733934964635727e-01, 8.891883834972095224e-01
1.354875972486156988e-01, 8.880274671096692884e-01
1.423913974316520226e-01, 8.868444019251959798e-01
1.492844174236265531e-01, 8.856393612421743500e-01
1.561662806025941597e-01, 8.844125183589888195e-01
1.630366103466072969e-01, 8.831640465740244750e-01
1.698950300337207509e-01, 8.818941191856655148e-01
1.767411630419885027e-01, 8.806029094922966927e-01
1.835746327494645613e-01, 8.792905907923024289e-01
1.903950625342037961e-01, 8.779573363840678102e-01
1.972020757742586894e-01, 8.766033195659772570e-01
2.039952958476840550e-01, 8.752287136364158560e-01
2.107743461325337908e-01, 8.738336918937676945e-01
2.175388500068620168e-01, 8.724184276364175261e-01
2.242884308487235745e-01, 8.709830941627501044e-01
2.310227120361708630e-01, 8.695278647711502940e-01
2.377413169472587517e-01, 8.680529127600025152e-01
2.444438689600412218e-01, 8.665584114276916328e-01
2.511299914525722543e-01, 8.650445340726016230e-01
2.577993078029067742e-01, 8.635114539931179056e-01
2.644514413890971527e-01, 8.619593444876250121e-01
2.710860155891982037e-01, 8.603883788545070299e-01
2.777026537812639639e-01, 8.587987303921492677e-01
2.843009793433484145e-01, 8.571905723989361459e-01
2.908806156535064247e-01, 8.555640781732520850e-01
2.974411860897905324e-01, 8.539194210134822827e-01
3.039823140302554960e-01, 8.522567742180111594e-01
3.105036228529551856e-01, 8.505763110852230247e-01
3.170047359359436934e-01, 8.488782049135027430e-01
3.234852766572759442e-01, 8.471626290012350680e-01
3.299448683950043648e-01, 8.454297566468046421e-01
3.363831345271837692e-01, 8.436797611485962189e-01
3.427996984318680829e-01, 8.419128158049942190e-01
3.491941834871113981e-01, 8.401290939143832848e-01
3.555662130709684732e-01, 8.383287687751479478e-01
3.619154105614918460e-01, 8.365120136856734057e-01
3.682413993367363858e-01, 8.346790019443439679e-01
3.745438027747559628e-01, 8.328299068495441659e-01
3.808222442536046137e-01, 8.309649016996588644e-01
3.870763471513372078e-01, 8.290841597930725948e-01
3.933057348460061164e-01, 8.271878544281698886e-01
3.995100307156663755e-01, 8.252761589033359435e-01
4.056888581383719661e-01, 8.233492465169549579e-01
4.118418404921767029e-01, 8.214072905674116853e-01
4.179686011551352887e-01, 8.194504643530904353e-01
4.240687635053005389e-01, 8.174789411723762944e-01
4.301419509207271563e-01, 8.154928943236541272e-01
4.361877867794691777e-01, 8.134924971053081322e-01
4.422058944595805285e-01, 8.114779228157229518e-01
4.481958973391159118e-01, 8.094493447532832286e-01
4.541574187961281983e-01, 8.074069362163740493e-01
4.600900822086718134e-01, 8.053508705033798343e-01
4.659935109548010157e-01, 8.032813209126850040e-01
4.718673284125696199e-01, 8.011984607426745342e-01
4.777111579600325508e-01, 7.991024632917327342e-01
4.835246229752423464e-01, 7.969935018582448016e-01
4.893073468362535428e-01, 7.948717497405946020e-01
4.950589529211205653e-01, 7.927373802371676659e-01
5.007790646078972285e-01, 7.905905666463481918e-01
5.064673052746380133e-01, 7.884314822665204892e-01
5.121232982993959570e-01, 7.862603003960696446e-01
5.177466670602257626e-01, 7.840771943333806338e-01
5.233370349351810225e-01, 7.818823373768374330e-01
5.288940253023167726e-01, 7.796759028248247958e-01
5.344172615396858284e-01, 7.774580639757280309e-01
5.399063670253426706e-01, 7.752289941279310037e-01
5.453609651373411138e-01, 7.729888665798188008e-01
5.507806792537356388e-01, 7.707378546297760646e-01
5.561651327525806154e-01, 7.684761315761869938e-01
5.615139490119289700e-01, 7.662038707174368968e-01
5.668267514098352944e-01, 7.639212453519101942e-01
