2.611493671043197962e-01, 2.136157294877285562e+00
2.785069558644053256e-01, 2.133999878409613693e+00
2.961922525711182530e-01, 2.131959052486895878e+00
3.141950456934147762e-01, 2.130027049028730524e+00
3.325051237002515370e-01, 2.128196099954720033e+00
3.511122750605853993e-01, 2.126458437184466810e+00
3.700062882433722833e-01, 2.124806292637568816e+00
3.891769517175693305e-01, 2.123231898233630233e+00
4.086140539521325166e-01, 2.121727485892249021e+00
4.283073834160186499e-01, 2.120285287533028029e+00
4.482467285781845390e-01, 2.118897535075569660e+00
4.684218779075861039e-01, 2.117556460439471877e+00
4.888226198731803751e-01, 2.116254295544338415e+00
5.094387429439236614e-01, 2.114983272309769013e+00
5.302600355887725492e-01, 2.113735622655365631e+00
5.512762862766836802e-01, 2.112503578500727563e+00
5.724772834766133078e-01, 2.111279371765458102e+00
5.938528156575181294e-01, 2.110055234369156985e+00
6.153926712883545092e-01, 2.108823398231425728e+00
6.370866388380794776e-01, 2.107576095271865846e+00
6.589245067756489549e-01, 2.106305557410076634e+00
6.808960635700198605e-01, 2.105004016565660940e+00
7.029910976901485586e-01, 2.103663704658218947e+00
7.251993976049917467e-01, 2.102276853607352614e+00
7.475107517835057891e-01, 2.100835695332662123e+00
7.699149486946470500e-01, 2.099332461753748547e+00
7.924017768073725598e-01, 2.097759384790214288e+00
8.149610245906385719e-01, 2.096108696361658641e+00
8.375824805134016726e-01, 2.094372628387683566e+00
8.602559330446178931e-01, 2.092543412787889689e+00
8.829711706532444859e-01, 2.090613281481878971e+00
9.057179818082377043e-01, 2.088574466389251150e+00
9.284861549785540236e-01, 2.086419199429608629e+00
9.512654786331501411e-01, 2.084139712522552035e+00
9.740457412409820881e-01, 2.081728237587681996e+00
9.968167312710073391e-01, 2.079177006544600026e+00
1.019568237192181259e+00, 2.076478251312906309e+00
1.042290047473461545e+00, 2.073624203812204581e+00
1.064971950583804228e+00, 2.070607095962092359e+00
1.087603734992165450e+00, 2.067419159682172936e+00
1.110175189167501797e+00, 2.064052626892046494e+00
1.132676101578770300e+00, 2.060499729511314548e+00
1.155096260694927324e+00, 2.056752699459578171e+00
1.177425454984929454e+00, 2.052803768656437988e+00
1.199653472917732833e+00, 2.048645169021495960e+00
1.221770102962294491e+00, 2.044269132474352269e+00
1.243765133587571015e+00, 2.039667890934608430e+00
1.265628353262518102e+00, 2.034833676321865070e+00
1.287349550456092784e+00, 2.029758720555723261e+00
1.308918513637252090e+00, 2.024435255555785407e+00
1.330325031274951719e+00, 2.018855513241650801e+00
1.351558891838148924e+00, 2.013011725532921403e+00
1.372609883795799846e+00, 2.006896124349198729e+00
1.393467795616861071e+00, 2.000500941610082517e+00
1.414122415770288965e+00, 1.993818409235174505e+00
1.434563532725040336e+00, 1.986840759144076429e+00
1.454780934950071325e+00, 1.979560223256388474e+00
1.474764410914338963e+00, 1.971969033491712375e+00
1.494503749086799615e+00, 1.964059421769648317e+00
1.513988737936409645e+00, 1.955823620009798036e+00
1.533209165932125639e+00, 1.947253860131762604e+00
1.552154821542904628e+00, 1.938342374055143313e+00
1.570815493237702309e+00, 1.929081393699540126e+00
1.589180969485475270e+00, 1.919463150984555444e+00
1.607241038755181206e+00, 1.909479877829789896e+00
1.624985489515775150e+00, 1.899123806154843663e+00
1.642404110236214354e+00, 1.888387167879319151e+00
1.659486689385455183e+00, 1.877262194922816541e+00
1.676223015432454666e+00, 1.865741119204937570e+00
1.692602876846168947e+00, 1.853816172645283089e+00
1.708616062095554611e+00, 1.841479587163453280e+00
1.724252359649567801e+00, 1.828723594679050546e+00
1.739501557977165325e+00, 1.815540427111675292e+00
1.754353445547303991e+00, 1.801922316380928146e+00
1.768797810828940387e+00, 1.787861494406411955e+00
1.782826422992109139e+00, 1.773352516834922454e+00
1.796442821414169444e+00, 1.758403747934439210e+00
1.809654876072552376e+00, 1.743028632564493030e+00
1.822470463668867557e+00, 1.727240623473312198e+00
1.834897460904724387e+00, 1.711053173409128547e+00
1.846943744481730709e+00, 1.694479735120168584e+00
1.858617191101496147e+00, 1.677533761354663477e+00
1.869925677465630320e+00, 1.660228704860842397e+00
1.880877080275741520e+00, 1.642578018386934513e+00
1.891479276233439810e+00, 1.624595154681169884e+00
1.901740142040333481e+00, 1.606293566491776570e+00
1.911667554398032376e+00, 1.587686706566985739e+00
1.921269390008143896e+00, 1.568788027655025230e+00
1.930553525572279217e+00, 1.549610982504125545e+00
1.939527837792046849e+00, 1.530169023862515854e+00
1.948200203369055306e+00, 1.510475604478425549e+00
1.956578499004913319e+00, 1.490544177100083356e+00
1.964670601401231398e+00, 1.470388194475719779e+00
1.972484387259617389e+00, 1.450021109353563986e+00
1.980027733281681135e+00, 1.429456374481844705e+00
1.987308516169031147e+00, 1.408707442608792215e+00
1.994334612623277492e+00, 1.387787766482635909e+00
2.001113899346027569e+00, 1.366710798851604292e+00
2.007654253038892556e+00, 1.345489992463928086e+00
2.013963550403480074e+00, 1.324138800067835131e+00
2.020049668141399746e+00, 1.302670674411556595e+00
2.025920482954259860e+00, 1.281099068243320538e+00
2.031583871543670483e+00, 1.259437434311356796e+00
2.037047710611240792e+00, 1.237699225363895650e+00
2.042319876814306046e+00, 1.215897894142418556e+00
2.047403811310691157e+00, 1.194046217479319383e+00
2.052286346040453235e+00, 1.172154441190760066e+00
2.056950425969689800e+00, 1.150232218771558790e+00
2.061378996064496594e+00, 1.128289203716533073e+00
2.065555001290970250e+00, 1.106335049520501324e+00
2.069461386615207399e+00, 1.084379409678281281e+00
2.073081097003304674e+00, 1.062431937684691574e+00
2.076397077421357817e+00, 1.040502287034548834e+00
2.079392272835464350e+00, 1.018600111222672577e+00
2.082049628211720460e+00, 9.967350637438803229e-01
2.084352088516223223e+00, 9.749167980929897004e-01
2.086282598715067493e+00, 9.531549677648191166e-01
2.087824103774351236e+00, 9.314592262541859791e-01
2.088959548660170640e+00, 9.098392270559091388e-01
2.089671878338622779e+00, 8.883046236648065586e-01
2.089944037775802510e+00, 8.668650695756955349e-01
2.089758971937808685e+00, 8.455302182833945857e-01
2.089099625790735715e+00, 8.243097232827217846e-01
2.087948944300681564e+00, 8.032132380684950945e-01
2.086289872433741976e+00, 7.822504161355322561e-01
2.084105355156013584e+00, 7.614309109786514540e-01
2.081378337433593018e+00, 7.407643760926713172e-01
2.078091764232576910e+00, 7.202604649724086983e-01
2.074228580519061893e+00, 6.999288311126821149e-01
2.069771731259144598e+00, 6.797791280083098631e-01
2.064704161418920325e+00, 6.598210091541094613e-01
2.059008815964487038e+00, 6.400641280448999826e-01
2.052668639861940925e+00, 6.205181381754982795e-01
2.045666578077377729e+00, 6.011926930407224257e-01
2.037985634573542093e+00, 5.820974394296533072e-01
2.029620072430070365e+00, 5.632407443860536489e-01
2.020588688365318131e+00, 5.446281863860238381e-01
2.010913509559530521e+00, 5.262649767215824559e-01
2.000616563192954889e+00, 5.081563266847496374e-01
1.989719876445837476e+00, 4.903074475675454069e-01
1.978245476498424971e+00, 4.727235506619891225e-01
1.966215390530964502e+00, 4.554098472601010861e-01
1.953651645723701868e+00, 4.383715486539010997e-01
1.940576269256884867e+00, 4.216138661354080774e-01
1.927011288310758852e+00, 4.051420109966423211e-01
1.912978730065570288e+00, 3.889611945296232443e-01
1.898500621701566748e+00, 3.730766280263708157e-01
1.883598990398994921e+00, 3.574935227789053371e-01
1.868295863338099938e+00, 3.422170900792453341e-01
1.852613267699129151e+00, 3.272525412194113303e-01
1.836573230662329692e+00, 3.126050874914227951e-01
1.820197779407947580e+00, 2.982799401872996969e-01
1.803508941116229281e+00, 2.842823105990614496e-01
1.786528742967422145e+00, 2.706174100187285769e-01
1.769279212141771973e+00, 2.572904497383197708e-01
1.751782375819525450e+00, 2.443066410498551388e-01
1.734060261180929041e+00, 2.316711952453545387e-01
1.716134895406230099e+00, 2.193893236168376892e-01
1.698028305675674643e+00, 2.074662374563246425e-01
1.679762519169509583e+00, 1.959071480558344791e-01
1.661359559391472951e+00, 1.847172646519247008e-01
1.642836453017415321e+00, 1.738990028537936716e-01
1.624195341458711361e+00, 1.634464562145271083e-01
1.605435606752576350e+00, 1.533521755758510130e-01
1.586556630936224010e+00, 1.436087117794907775e-01
1.567557796046870955e+00, 1.342086156671726260e-01
1.548438484121730241e+00, 1.251444380806223389e-01
1.529198077198018479e+00, 1.164087298615658905e-01
1.509835957312949839e+00, 1.079940418517292972e-01
1.490351506503738932e+00, 9.989292489283806142e-02
1.470744106807600149e+00, 9.209792982661826888e-02
1.451013140261749435e+00, 8.460160749479579689e-02
1.431157988903401401e+00, 7.739650873909657836e-02
1.411178034769770884e+00, 7.047518440124643513e-02
1.391072659898072938e+00, 6.383018532297148051e-02
1.370841246325521734e+00, 5.745406234599721718e-02
1.350483176089332549e+00, 5.133936631204968210e-02
1.329997831226720217e+00, 4.547864806285481509e-02
1.309384593774900019e+00, 3.986445844013847273e-02
1.288642845771086787e+00, 3.448934828562667115e-02
1.267771969252494468e+00, 2.934586844104503101e-02
1.246771346256338786e+00, 2.442656974811957191e-02
1.225640358819834574e+00, 1.972400304857617817e-02
1.204378388980196224e+00, 1.523071918414072717e-02
1.182984818774639235e+00, 1.093926899653911190e-02
1.161459030240378887e+00, 6.842203327497338103e-03
1.139800405414628459e+00, 2.932073018741044625e-03
1.118008326337350589e+00, -7.985710841791096278e-04
1.096086074833792834e+00, -4.351748512189845125e-03
1.074052117394153960e+00, -7.708337372267626449e-03
1.051928615794627486e+00, -1.084407086973912006e-02
1.029737731811403600e+00, -1.373468220993122671e-02
1.007501627220675822e+00, -1.635590459817060777e-02
9.852424637986346712e-01, -1.868347123978398444e-02
9.629824033214735568e-01, -2.069311534009810050e-02
9.407436075653843321e-01, -2.236057010443965806e-02
9.185482383065581846e-01, -2.366156873813548070e-02
8.964184573211875229e-01, -2.457184444651225319e-02
8.743764263854642005e-01, -2.506713043489671583e-02
8.524443072755806261e-01, -2.512315990861560544e-02
8.306442617677292084e-01, -2.471566607299568660e-02
8.089984516381005797e-01, -2.382038213336365451e-02
7.875290386628875927e-01, -2.241304129504625292e-02
7.662581846182821010e-01, -2.046937676337025336e-02
7.452080512804760692e-01, -1.796512174366235448e-02
7.244008004256619060e-01, -1.487600944124931393e-02
7.038585938300316869e-01, -1.117777306145795180e-02
6.836035932697764883e-01, -6.846145809614845312e-03
6.636579605210888300e-01, -1.856860891046800688e-03
6.440438573601608985e-01, 3.814348488919455660e-03
6.247834455631843253e-01, 1.019174912495716956e-02
6.058988869063521854e-01, 1.729960781173939949e-02
5.874123431658549999e-01, 2.516219134393980067e-02
5.693459761178853995e-01, 3.380376651623144546e-02
5.517219475386354599e-01, 4.324860012328759357e-02
5.345624192042972567e-01, 5.352095895978155327e-02
5.178895528910624213e-01, 6.464510982038650100e-02
5.017203575020507955e-01, 7.663780897115311797e-02
4.860435154319505680e-01, 8.947452560404543787e-02
4.708380267635965954e-01, 1.031166165354089476e-01
4.560828831766904345e-01, 1.175254263336706628e-01
4.417570763509332532e-01, 1.326622995672576966e-01
4.278395979660271631e-01, 1.484885808045966482e-01
4.143094397016724439e-01, 1.649656146141156021e-01
4.011455932375711519e-01, 1.820547455642410883e-01
3.883270502534246771e-01, 1.997173182234001643e-01
3.758328024289343539e-01, 2.179146771600199983e-01
3.636418414438019608e-01, 2.366081669425270928e-01
3.517331589777282219e-01, 2.557591321393496986e-01
3.400857467104150822e-01, 2.753289173189141237e-01
3.286785963215637096e-01, 2.952788670496476753e-01
3.174906994908756608e-01, 3.155703258999773553e-01
3.065010478980527697e-01, 3.361646384383296660e-01
2.956886332227954273e-01, 3.570231492331328305e-01
2.850324471448057451e-01, 3.781072028528132400e-01
2.745114813437851131e-01, 3.993781438657982852e-01
2.641047274994348104e-01, 4.207973168405148567e-01
2.537911772914562825e-01, 4.423260663453900121e-01
2.435498223995512801e-01, 4.639257369488501981e-01
2.333596545034206937e-01, 4.855576732193238598e-01
2.231996652827661631e-01, 5.071832197252373886e-01
2.130488464172890783e-01, 5.287637210350178973e-01
2.028861895866908849e-01, 5.502605217170921659e-01
1.926906864706733336e-01, 5.716349663398870851e-01
1.824413287489372315e-01, 5.928483994718308780e-01
1.721171081011843296e-01, 6.138621656813501026e-01
1.616970162071159622e-01, 6.346376095368712056e-01
1.511600447464335750e-01, 6.551360756068219660e-01
1.404851853988386412e-01, 6.753189084596292746e-01
1.296514298440328561e-01, 6.951474526637196893e-01
1.186377697617166938e-01, 7.145830527875219884e-01
1.074231968315928487e-01, 7.335870533994606202e-01
9.598670273336201708e-02, 7.521207990679642519e-01
8.430727914672520029e-02, 7.701456343614607736e-01
7.236391775138482918e-02, 7.876229038483754108e-01
6.013561022704128067e-02, 8.045139520971370528e-01
4.760134825339711051e-02, 8.207801236761709252e-01
3.474012351015315359e-02, 8.363827631539051399e-01
2.153092767701009214e-02, 8.512832150987672541e-01
7.952752433670773335e-03, 8.654428240791832705e-01
-6.015410540164856101e-03, 8.788229346635811901e-01
-2.039456956479382410e-02, 8.913848914203873486e-01
-3.520573296051543455e-02, 9.030900389180293031e-01
-5.046990904762926888e-02, 9.138997217249341665e-01
-6.620810614643204972e-02, 9.237752844095283855e-01
-8.244133257722419117e-02, 9.326780715402401833e-01
-9.919059666030248523e-02, 9.405694276854951186e-01
-1.164769067159663607e-01, 9.474106974137217474e-01
-1.343212710645153574e-01, 9.531632252933464056e-01
-1.527398310536589865e-01, 9.577919700113963763e-01
-1.716998532935295196e-01, 9.612981836785841061e-01
-1.911403824925161088e-01, 9.637040754375708618e-01
-2.110001216071172858e-01, 9.650321082092873093e-01
-2.312177735938315826e-01, 9.653047449146628933e-01
-2.517320414091542835e-01, 9.645444484746286129e-01
-2.724816280095851417e-01, 9.627736818101140237e-01
-2.934052363516192474e-01, 9.600149078420497917e-01
-3.144415693917564369e-01, 9.562905894913654725e-01
-3.355293300864917172e-01, 9.516231896789918432e-01
-3.566072213923239254e-01, 9.460351713258592365e-01
-3.776139462657513990e-01, 9.395489973528967642e-01
-3.984882076632694781e-01, 9.321871306810357583e-01
-4.191687085413779434e-01, 9.239720342312053303e-01
-4.395941518565718020e-01, 9.149261709243368124e-01
-4.597032405653496689e-01, 9.050720036813598712e-01
-4.794346776242101038e-01, 8.944319954232036185e-01
-4.987271659896486686e-01, 8.830286090708003854e-01
-5.175194086181644781e-01, 8.708843075450781734e-01
-5.357501084662532609e-01, 8.580215537669690917e-01
-5.533579684904136320e-01, 8.444628106574023629e-01
-5.702816916471432629e-01, 8.302305411373072097e-01
-5.864599808929384928e-01, 8.153472081276155192e-01
-6.018315391842983253e-01, 7.998352745492559590e-01
-6.163350694777186556e-01, 7.837172033231606383e-01
-6.299176306496363509e-01, 7.670158479870449186e-01
-6.425811257368692075e-01, 7.497566258956376295e-01
-6.543495732040167656e-01, 7.319659882404464524e-01
-6.652470526818671237e-01, 7.136703890723307131e-01
-6.752976438012069371e-01, 6.948962824421526241e-01
-6.845254261928241934e-01, 6.756701224007726214e-01
-6.929544794875065472e-01, 6.560183629990501419e-01
-7.006088833160405427e-01, 6.359674582878481752e-01
-7.075127173092146116e-01, 6.155438623180256030e-01
-7.136900610978150761e-01, 5.947740291404451929e-01
-7.191649943126300348e-01, 5.736844128059656045e-01
-7.239615965844464762e-01, 5.523014673654500495e-01
-7.281039475440518327e-01, 5.306516468697580757e-01
-7.316161268222339809e-01, 5.087614053697494532e-01
-7.345222140497795760e-01, 4.866571969162870603e-01
-7.368462888574767167e-01, 4.643654755602298900e-01
-7.386124308761123913e-01, 4.419126953524408763e-01
-7.398447197364741434e-01, 4.193253103437796225e-01
-7.405672350693494055e-01, 3.966297745851058432e-01
-7.408040565055252769e-01, 3.738525421272825833e-01
-7.405792636757894121e-01, 3.510200670211685581e-01
-7.399169362109291326e-01, 3.281588033176268127e-01
-7.388411537417320929e-01, 3.052952050675171169e-01
-7.373759958989852814e-01, 2.824557263216987968e-01
-7.355455423134762416e-01, 2.596668211310355079e-01
-7.333738726159922949e-01, 2.369549435463854936e-01
-7.308850652717844287e-01, 2.143465463918353964e-01
-7.280985767634573502e-01, 1.918632176598431271e-01
-7.250187468862279161e-01, 1.695106343919804137e-01
-7.216468298826212990e-01, 1.472912259555087533e-01
-7.179840799951623387e-01, 1.252074217176847581e-01
-7.140317514663763188e-01, 1.032616510457700643e-01
-7.097910985387878569e-01, 8.145634330702244963e-02
-7.052633754549217926e-01, 5.979392786869978244e-02
-7.004498364573034097e-01, 3.827683409806357379e-02
-6.953517357884575478e-01, 1.690749136237058858e-02
-6.899703276909092686e-01, -4.311670971117865028e-03
-6.843068664071836338e-01, -2.537822353514375059e-02
-6.783626061798047058e-01, -4.628973696244915309e-02
-6.721388012512988785e-01, -6.704378188577275743e-02
-6.656367058641897705e-01, -8.763792893785765648e-02
-6.588575742610036645e-01, -1.080697487514426236e-01
-6.518026606842642900e-01, -1.283368119592696033e-01
-6.444732193764970418e-01, -1.484366891940806787e-01
-6.368705045802272036e-01, -1.683669510886144915e-01
-6.289957705379792818e-01, -1.881251682756142629e-01
-6.208502714922788934e-01, -2.077089113878185234e-01
-6.124352616856499898e-01, -2.271157510579706607e-01
-6.037519953606184098e-01, -2.463432579188091220e-01
-5.948017267597089930e-01, -2.653890026030759630e-01
-5.855857101254458019e-01, -2.842505557435133223e-01
-5.761051997003552305e-01, -3.029254879728598970e-01
-5.663614497269608972e-01, -3.214113699238587696e-01
-5.563557144477889738e-01, -3.397057722292486370e-01
-5.460892481053637448e-01, -3.578062655217716381e-01
-5.355633049422096059e-01, -3.757104204341694675e-01
-5.247791392008526179e-01, -3.934158075991811554e-01
-5.137380051238168432e-01, -4.109199976495495621e-01
-5.024411569536283428e-01, -4.282205612180136622e-01
-4.908898489328112902e-01, -4.453150689373153170e-01
-4.790853353038901363e-01, -4.622010914401965542e-01
-4.670288703093912752e-01, -4.788761993593962929e-01
-4.547217081918379367e-01, -4.953379633276572269e-01
-4.421651031937567367e-01, -5.115839539777183864e-01
-4.293603095576719597e-01, -5.276117419423218546e-01
-4.163085815261077793e-01, -5.434188978542093817e-01
-4.030111733415905895e-01, -5.590029923461197203e-01
-3.894693392466438420e-01, -5.743615960507959528e-01
-3.756843334837940418e-01, -5.894922796009771648e-01
-3.616574102955654180e-01, -6.043926136294051066e-01
-3.473898239244823105e-01, -6.190601687688217503e-01
-3.328828286130708358e-01, -6.334925156519658485e-01
-3.181376786038546678e-01, -6.476872249115802616e-01
-3.031556281393603114e-01, -6.616418671804042972e-01
-2.879379314621109964e-01, -6.753540130911802608e-01
-2.724858428146335609e-01, -6.888212332766481261e-01
-2.568006164394519009e-01, -7.020410983695486440e-01
-2.408835065790903007e-01, -7.150111790026241199e-01
-2.247357674760753210e-01, -7.277290458086140834e-01
-2.083586533729302748e-01, -7.401922694202601738e-01
-1.917534185121816670e-01, -7.523984204703026979e-01
-1.749213171363539487e-01, -7.643450695914828508e-01
-1.578636034879708216e-01, -7.760297874165422716e-01
-1.405815318095592348e-01, -7.874501445782207121e-01
-1.230764218493442530e-01, -7.986037855063641278e-01
-1.053514782521094428e-01, -8.094904781086676993e-01
-8.741202824984062314e-02, -8.201123815470870992e-01
-6.926351232864363938e-02, -8.304717825728712421e-01
-5.091137097462749422e-02, -8.405709679372661558e-01
-3.236104467389700617e-02, -8.504122243915199775e-01
-1.361797391256127504e-02, -8.599978386868790681e-01
5.312400823273657688e-03, -8.693300975745921200e-01
2.442463904750210787e-02, -8.784112878059064933e-01
4.371330027401472418e-02, -8.872436961320686599e-01
6.317294401670690840e-02, -8.958296093043270902e-01
8.279812978946950175e-02, -9.041713140739281451e-01
1.025834171061965200e-01, -9.122710971921196288e-01
1.225233654807822009e-01, -9.201312454101502336e-01
1.426125344271173545e-01, -9.277540454792650992e-01
1.628454834590971900e-01, -9.351417841507139173e-01
1.832167720906126285e-01, -9.422967481757424935e-01
2.037209598355577134e-01, -9.492212243055986320e-01
2.243526062078265992e-01, -9.559174992915302482e-01
2.451062707213101100e-01, -9.623878598847844801e-01
2.659765128899035935e-01, -9.686345928366087987e-01
2.869578922274977906e-01, -9.746599848982505643e-01
3.080449682479867723e-01, -9.804663228209569148e-01
3.292323004652648044e-01, -9.860558933559757655e-01
3.505144483932227106e-01, -9.914309832545544765e-01
3.718859715457556447e-01, -9.965938792679402969e-01
3.933414294367544861e-01, -1.001546868147380476e+00
4.148753815801145550e-01, -1.006292236644123150e+00
4.364823874897266753e-01, -1.010832271509415126e+00
4.581570066794847795e-01, -1.015169259494503873e+00
4.798937986632832997e-01, -1.019305487350637085e+00
5.016873229550126156e-01, -1.023243241829061567e+00
5.235321390685684362e-01, -1.026984809681025679e+00
5.454228065178416962e-01, -1.030532477657776447e+00
5.673538848167258841e-01, -1.033888532510560898e+00
5.893199334791158206e-01, -1.037055260990627170e+00
6.113155120189017744e-01, -1.040034949849221846e+00
6.333351799499793433e-01, -1.042829885837593062e+00
6.553734967862393512e-01, -1.045442355706987847e+00
6.774250220415758417e-01, -1.047874646208654115e+00
6.994843152298830802e-01, -1.050129044093839115e+00
7.215459358650515576e-01, -1.052207836113789652e+00
7.436044363844540594e-01, -1.054113516408535345e+00
7.656540774035603958e-01, -1.055857131423932893e+00
7.876887304828095182e-01, -1.057461129483722617e+00
8.097022401539432090e-01, -1.058948751030683866e+00
8.316884509486996979e-01, -1.060343236507595766e+00
8.536412073988219884e-01, -1.061667826357236999e+00
8.755543540360486432e-01, -1.062945761022386915e+00
8.974217353921218887e-01, -1.064200280945825527e+00
9.192371959987827301e-01, -1.065454626570330854e+00
9.409945803877700632e-01, -1.066732038338682687e+00
9.626877330908270025e-01, -1.068055756693660374e+00
9.843104986396917777e-01, -1.069449022078042599e+00
1.005856721566107614e+00, -1.070935074934608933e+00
1.027320246401812742e+00, -1.072537155706138279e+00
1.048694917678548943e+00, -1.074278504835409986e+00
1.069974579928057778e+00, -1.076182362765202960e+00
1.091153077682078809e+00, -1.078271969938296992e+00
1.112224255472353818e+00, -1.080570566797470766e+00
1.133181957830621700e+00, -1.083101393785503630e+00
1.154020029288624238e+00, -1.085887691345174488e+00
1.174732314378103437e+00, -1.088952699919262690e+00
1.195312657630797748e+00, -1.092319659950547583e+00
1.215754903578450064e+00, -1.096011811881808296e+00
1.236052896752798613e+00, -1.100052396155823953e+00
1.256200481685585402e+00, -1.104464653215373238e+00
1.276191502908552433e+00, -1.109271823503236609e+00
1.296019804953437937e+00, -1.114497147462191640e+00
1.315679232351985029e+00, -1.120163865535019232e+00
1.335163629635931937e+00, -1.126295218164496736e+00
1.354466841337020666e+00, -1.132914445793404390e+00
1.373582711986993221e+00, -1.140044788864521763e+00
1.392505086117587831e+00, -1.147709487820626872e+00
1.411227808260547611e+00, -1.155931783104500399e+00
1.429744722947610569e+00, -1.164734915158919470e+00
1.448049674710519374e+00, -1.174142124426665212e+00
1.466134999406152550e+00, -1.184172730496326764e+00
1.483983439229173529e+00, -1.194821120247914203e+00
1.501573977960291906e+00, -1.206071912921324207e+00
1.518885590594297508e+00, -1.217909704922969683e+00
1.535897252125982604e+00, -1.230319092659265312e+00
1.552587937550139685e+00, -1.243284672536625557e+00
1.568936621861557468e+00, -1.256791040961464212e+00
1.584922280055030219e+00, -1.270822794340195516e+00
1.600523887125346878e+00, -1.285364529079233042e+00
1.615720418067299713e+00, -1.300400841584991474e+00
1.630490847875681437e+00, -1.315916328263885937e+00
1.644814151545281211e+00, -1.331895585522328229e+00
1.658669304070892192e+00, -1.348323209766734587e+00
1.672035280447303984e+00, -1.365183797403517252e+00
1.684891055669310411e+00, -1.382461944839092682e+00
1.697215604731699967e+00, -1.400142248479872231e+00
1.708987902629266031e+00, -1.418209304732272136e+00
1.720186924356799540e+00, -1.436647710002706413e+00
1.730791644909091209e+00, -1.455442060697587525e+00
1.740781039280933529e+00, -1.474576953223331932e+00
1.750134082467116770e+00, -1.494036983986351652e+00
1.758829749462432757e+00, -1.513806749393061590e+00
1.766847015261673093e+00, -1.533870845849876874e+00
1.774164854859629159e+00, -1.554213869763209743e+00
1.780762407223143828e+00, -1.574820393742061286e+00
1.786630727598703006e+00, -1.595673260974768137e+00
1.791780647130515547e+00, -1.616752444555388468e+00
1.796224860434481485e+00, -1.638037647130612395e+00
1.799976062126499077e+00, -1.659508571347127370e+00
1.803046946822469465e+00, -1.681144919851627506e+00
1.805450209138290019e+00, -1.702926395290797590e+00
1.807198543689862325e+00, -1.724832700311331068e+00
1.808304645093084195e+00, -1.746843537559918280e+00
1.808781207963856108e+00, -1.768938609683246677e+00
1.808640926918078096e+00, -1.791097619328009483e+00
1.807896496571648637e+00, -1.813300269140893262e+00
1.806560611540467098e+00, -1.835526261768589906e+00
1.804645966440433513e+00, -1.857755299857789977e+00
1.802165255887447914e+00, -1.879967086055181147e+00
1.799131174497408781e+00, -1.902141323007455975e+00
1.795556416886216589e+00, -1.924257713361302580e+00
1.791453677669769595e+00, -1.946295959763412631e+00
1.786835651463968722e+00, -1.968235764860473802e+00
1.781715032884712002e+00, -1.990056831299176876e+00
1.776104516547900580e+00, -2.011738861726214189e+00
1.770016797069432268e+00, -2.033261558788273415e+00
1.763464569065208432e+00, -2.054604625132044227e+00
1.756460527151127105e+00, -2.075747763404216961e+00
1.749017365943088542e+00, -2.096670676251481957e+00
1.741147780056992111e+00, -2.117353066320529553e+00
1.732864464108735847e+00, -2.137774636258051419e+00
1.724180105968750931e+00, -2.157915110563293215e+00
1.715105639342775712e+00, -2.177759896510254922e+00
1.705647911562018448e+00, -2.197307639551833169e+00
1.695813189265568788e+00, -2.216558866345424761e+00
1.685607739092514823e+00, -2.235514103548428722e+00
1.675037827681948643e+00, -2.254173877818238747e+00
1.664109721672958564e+00, -2.272538715812253418e+00
1.652829687704634232e+00, -2.290609144187869983e+00
1.641203992416065960e+00, -2.308385689602485247e+00
1.629238902446340953e+00, -2.325868878713499122e+00
1.616940684434551523e+00, -2.343059238178303083e+00
1.604315605019786872e+00, -2.359957294654298376e+00
1.591369930841135982e+00, -2.376563574798880474e+00
1.578109928537687834e+00, -2.392878605269447068e+00
1.564541864748531630e+00, -2.408902912723396739e+00
1.550672006112759016e+00, -2.424637023818123627e+00
1.536506619269458751e+00, -2.440081465211025424e+00
1.522051970857720482e+00, -2.455236763559501156e+00
1.507314327516633190e+00, -2.470103445520945851e+00
1.492299955885285634e+00, -2.484682037752759864e+00
1.477015122602769459e+00, -2.498973066912335561e+00
1.461466094308173647e+00, -2.512977059657072854e+00
1.445659137640587621e+00, -2.526694542644368102e+00
1.429600519239100587e+00, -2.540126042531618999e+00
1.413296505742800857e+00, -2.553272085976223682e+00
1.396753363790780966e+00, -2.566133199635576290e+00
1.379977360022129229e+00, -2.578709910167075403e+00
1.362974761075934849e+00, -2.591002744228118271e+00
1.345751833591288138e+00, -2.603012228476102141e+00
1.328314844207275636e+00, -2.614738889568425151e+00
1.310670059562991652e+00, -2.626183254162481440e+00
1.292823746297523613e+00, -2.637345848915669588e+00
1.274782171049961166e+00, -2.648227200485387733e+00
1.256551600459393736e+00, -2.658827835529031347e+00
1.238138301164908750e+00, -2.669148280703999898e+00
1.219548539805600296e+00, -2.679189062667687526e+00
1.200788583020555800e+00, -2.688950708077492369e+00
1.181864697448864465e+00, -2.698433743590812117e+00
1.162783149729616383e+00, -2.707638695865043577e+00
1.143550206501898536e+00, -2.716566091557584439e+00
1.124172134404805679e+00, -2.725216457325831065e+00
1.104655200077423904e+00, -2.733590319827179371e+00
1.085005670158843749e+00, -2.741688205719028382e+00
1.065229811288152195e+00, -2.749510641658774901e+00
1.045333890104443553e+00, -2.757058154303815733e+00
1.025324173246805026e+00, -2.764331270311547240e+00
1.005206927354326041e+00, -2.771330516339367556e+00
9.849884190660969097e-01, -2.778056419044673486e+00
9.646749150212039492e-01, -2.784509505084861836e+00
9.442726818587418025e-01, -2.790690301117329852e+00
9.237879862177977852e-01, -2.796599333799474341e+00
9.032270947374614334e-01, -2.802237129788692993e+00
8.825962740568225051e-01, -2.807604215742382170e+00
8.619017908149678719e-01, -2.812701118317940008e+00
8.411499116509917329e-01, -2.817528364172762423e+00
8.203469032039819586e-01, -2.822086479964247108e+00
7.994990321130279742e-01, -2.826375992349791755e+00
7.786125650172189827e-01, -2.830397427986792280e+00
7.576937685556420776e-01, -2.834151313532646377e+00
7.367489093673923461e-01, -2.837638175644751293e+00
7.157842540915563267e-01, -2.840858540980502944e+00
6.948060693672238886e-01, -2.843812936197300800e+00
6.738206218334844566e-01, -2.846501887952539001e+00
6.528341781294255686e-01, -2.848925922903617014e+00
6.318530048941412014e-01, -2.851085567707931201e+00
6.108833542048847098e-01, -2.852981358155515679e+00
5.899285409323710150e-01, -2.854615672142581495e+00
5.689853987808592972e-01, -2.855994952310726642e+00
5.480498955812078687e-01, -2.857126184344987774e+00
5.271179991642814811e-01, -2.858016353930400655e+00
5.061856773609384463e-01, -2.858672446752001051e+00
4.852488980020385201e-01, -2.859101448494824282e+00
4.643036289184425125e-01, -2.859310344843907892e+00
4.433458379410081251e-01, -2.859306121484285867e+00
4.223714929006004426e-01, -2.859095764100995751e+00
4.013765616280776105e-01, -2.858686258379071532e+00
3.803570119542998285e-01, -2.858084590003551639e+00
3.593088117101272405e-01, -2.857297744659469174e+00
3.382279287264180478e-01, -2.856332708031862122e+00
3.171103308340372795e-01, -2.855196465805765360e+00
2.959519858638428591e-01, -2.853896003666215542e+00
2.747488616466950972e-01, -2.852438307298248432e+00
2.534969260134542490e-01, -2.850830362386899353e+00
2.321921467949784601e-01, -2.849079154617204512e+00
2.108304918221325375e-01, -2.847191669674200121e+00
1.894079289257746268e-01, -2.845174893242921499e+00
1.679204259367648999e-01, -2.843035811008404412e+00
1.463639506859639172e-01, -2.840781408655686402e+00
1.247344710042292970e-01, -2.838418671869801013e+00
1.030279547224264847e-01, -2.835954586335785788e+00
8.124036967141318177e-02, -2.833396137738676046e+00
5.936768368204975443e-02, -2.830750311763507998e+00
3.740586458519648549e-02, -2.828024094095317853e+00
1.535088021171142347e-02, -2.825224470419139600e+00
-6.801301607540374827e-03, -2.822358426420012112e+00
-2.905451191209998396e-02, -2.819432763622587768e+00
-5.140349298933791916e-02, -2.816445961613522453e+00
-7.383038837501966489e-02, -2.813384964179200143e+00
-9.631641492349907185e-02, -2.810235866608311373e+00
-1.188427894891225661e-01, -2.806984764189545345e+00
-1.413907289262440470e-01, -2.803617752211590375e+00
-1.639414500892149851e-01, -2.800120925963138774e+00
-1.864761698323892658e-01, -2.796480380732877080e+00
-2.089761050101132389e-01, -2.792682211809494941e+00
-2.314224724767408592e-01, -2.788712514481683336e+00
-2.537964890866234446e-01, -2.784557384038130134e+00
-2.760793716941125076e-01, -2.780202915767524985e+00
-2.982523371535620305e-01, -2.775635204958557978e+00
-3.202966023193181688e-01, -2.770840346899917428e+00
-3.421933840457349607e-01, -2.765804436880292538e+00
-3.639238991871638906e-01, -2.760513570188375176e+00
-3.854693645979563321e-01, -2.754953842112852325e+00
-4.068109971324659346e-01, -2.749111347942412298e+00
-4.279300136450394643e-01, -2.742972182965746963e+00
-4.488076309900307370e-01, -2.736522442471545080e+00
-4.694250660217910154e-01, -2.729748221748495851e+00
-4.897635355946719504e-01, -2.722635616085288035e+00
-5.098042565630268586e-01, -2.715170720770610835e+00
-5.295284457812030610e-01, -2.707339631093156118e+00
-5.489173201035536520e-01, -2.699128442341609535e+00
-5.679520963844306713e-01, -2.690523249804663841e+00
-5.866139914781850484e-01, -2.681510148771005131e+00
-6.048842222391705992e-01, -2.672075234529325716e+00
-6.227440055217342563e-01, -2.662204602368313022e+00
-6.401745581802297247e-01, -2.651884347576657586e+00
-6.571570970690082669e-01, -2.641100565443047721e+00
-6.736728390424215895e-01, -2.629839351256174407e+00
-6.897030009548223983e-01, -2.618086800304724182e+00
-7.052287996605589582e-01, -2.605829007877389802e+00
-7.202314520139843079e-01, -2.593052069262859138e+00
-7.346921748694498211e-01, -2.579742079749820949e+00
-7.485921850813068712e-01, -2.565885134626965325e+00
-7.619126995039083861e-01, -2.551467329182979693e+00
-7.746354881633857881e-01, -2.536475454129184293e+00
-7.867556439108637223e-01, -2.520913049031857422e+00
-7.982819244612213705e-01, -2.504800832307961134e+00
-8.092237091226550660e-01, -2.488160303813552243e+00
-8.195903772033621415e-01, -2.471012963404685348e+00
-8.293913080115362657e-01, -2.453380310937422148e+00
-8.386358808553747712e-01, -2.435283846267816799e+00
-8.473334750430737694e-01, -2.416745069251927003e+00
-8.554934698828297046e-01, -2.397785479745810022e+00
-8.631252446828391323e-01, -2.378426577605520009e+00
-8.702381787512966094e-01, -2.358689862687118666e+00
-8.768416513963991354e-01, -2.338596834846660144e+00
-8.829450419263428218e-01, -2.318168993940203038e+00
-8.885577296493238908e-01, -2.297427839823803275e+00
-8.936890938735391199e-01, -2.276394872353516341e+00
-8.983485139071829551e-01, -2.255091591385401273e+00
-9.025453690584529509e-01, -2.233539496775516664e+00
-9.062890386355446637e-01, -2.211760088379917111e+00
-9.095889019466543157e-01, -2.189774866054659430e+00
-9.124543382999782404e-01, -2.167605329655799995e+00
-9.148947270037122159e-01, -2.145272979039399175e+00
-9.169194473660523537e-01, -2.122799314061511566e+00
-9.185378786951950980e-01, -2.100205834578195319e+00
-9.197594002993365603e-01, -2.077514040445506804e+00
-9.205933914866731849e-01, -2.054745431519501064e+00
-9.210492315654000839e-01, -2.031921507656238912e+00
-9.211362998437141458e-01, -2.009063768711775388e+00
-9.208639756298114820e-01, -1.986193714542168198e+00
-9.202416382318878707e-01, -1.963332845003473270e+00
-9.192786669581396453e-01, -1.940502659951746089e+00
-9.179845734836692417e-01, -1.917724573877104266e+00
-9.163788279600952880e-01, -1.895013578858090852e+00
-9.144976230294131758e-01, -1.872373882320054417e+00
-9.123787515091185130e-01, -1.849808659704620384e+00
-9.100600062167074622e-01, -1.827321086453413512e+00
-9.075791799696766304e-01, -1.804914338008065444e+00
-9.049740655855220695e-01, -1.782591589810200716e+00
-9.022824558817393870e-01, -1.760356017301444309e+00
-8.995421436758253009e-01, -1.738210795923422758e+00
-8.967909217852764181e-01, -1.716159101117766150e+00
-8.940665830275881243e-01, -1.694204108326098579e+00
-8.914069202202571374e-01, -1.672348992990047245e+00
-8.888497261807793981e-01, -1.650596930551238906e+00
-8.864327937266507362e-01, -1.628951096451296987e+00
-8.841939156753680917e-01, -1.607414666131853576e+00
-8.821708848444270723e-01, -1.585990815034532764e+00
-8.804014940513243959e-01, -1.564682718600961309e+00
-8.789235361135557811e-01, -1.543493552272766189e+00
-8.777748038486172799e-01, -1.522426491491570832e+00
-8.769930900740057211e-01, -1.501484711699007324e+00
-8.766161876072164905e-01, -1.480671388336699090e+00
-8.766818892657463058e-01, -1.459989696846273333e+00
-8.772279878670913300e-01, -1.439442812669357252e+00
-8.782922762287478369e-01, -1.419033911247574720e+00
-8.799125471682115451e-01, -1.398766168022556267e+00
-8.821265935029787286e-01, -1.378642758435926652e+00
-8.849722080505461053e-01, -1.358666857929313743e+00
-8.884871836284092828e-01, -1.338841641944342520e+00
-8.927093130540650900e-01, -1.319170285922637742e+00
-8.976763891450089128e-01, -1.299655965305831273e+00
-9.034262047187370248e-01, -1.280301855535546762e+00
-9.099965496139876819e-01, -1.261111133055383915e+00
-9.174130159908399085e-01, -1.242091077272706290e+00
-9.256612117577650567e-01, -1.223262417197882312e+00
-9.347185645261246734e-01, -1.204648633468339725e+00
-9.445625019072836359e-01, -1.186273206721503826e+00
-9.551704515126058226e-01, -1.168159617594797695e+00
-9.665198409534551116e-01, -1.150331346725648407e+00
-9.785880978411966025e-01, -1.132811874751478376e+00
-9.913526497871916199e-01, -1.115624682309716897e+00
-1.004790924402805041e+00, -1.098793250037787050e+00
-1.018880349299400523e+00, -1.082341058573114800e+00
-1.033598352088342054e+00, -1.066291588553125003e+00
-1.048922360380995622e+00, -1.050668320615240958e+00
-1.064829801788721220e+00, -1.035494735396891741e+00
-1.081298103922884168e+00, -1.020794313535500653e+00
-1.098304694394848680e+00, -1.006590535668492992e+00
-1.115827000815978076e+00, -9.929068824332943910e-01
-1.133842450797638790e+00, -9.797668344673283736e-01
-1.152328471951190370e+00, -9.671938724080231253e-01
-1.171262491887998580e+00, -9.552114768928026134e-01
-1.190621938219426967e+00, -9.438431285590916930e-01
-1.210384238556839742e+00, -9.331123080443159967e-01
-1.230526820511603336e+00, -9.230424959858999356e-01
-1.251027111695075744e+00, -9.136571730212702525e-01
-1.271862539718624507e+00, -9.049798197878516914e-01
-1.293010532193612505e+00, -8.970339169230693299e-01
-1.314448516731403949e+00, -8.898429450643484673e-01
-1.336153920943365048e+00, -8.834303848491137368e-01
-1.358104172440854907e+00, -8.778197169147918810e-01
-1.380276681692093499e+00, -8.730325614692970859e-01
-1.402648511084282790e+00, -8.690527638450799008e-01
-1.425196398811471976e+00, -8.658289868873201289e-01
-1.447897070709711187e+00, -8.633085523110032300e-01
-1.470727252615044334e+00, -8.614387818311163292e-01
-1.493663670363521323e+00, -8.601669971626447753e-01
-1.516683049791191173e+00, -8.594405200205749162e-01
-1.539762116734103792e+00, -8.592066721198924339e-01
-1.562877597028302201e+00, -8.594127751755834543e-01
-1.586006216509837197e+00, -8.600061509026342144e-01
-1.609124701014756909e+00, -8.609341210160303959e-01
-1.632209776379109245e+00, -8.621440072307581248e-01
-1.655238168438945445e+00, -8.635831312618037492e-01
-1.678186603030307866e+00, -8.651988148241528398e-01
-1.701031805989247747e+00, -8.669383796327917446e-01
-1.723750503151812330e+00, -8.687491474027061455e-01
-1.746319420354050411e+00, -8.705784398488819464e-01
-1.768715283432012786e+00, -8.723735786863062724e-01
-1.790914818221741811e+00, -8.740818856299638062e-01
-1.812894750559288504e+00, -8.756506823948411178e-01
-1.834631806280701660e+00, -8.770272906959243331e-01
-1.856102711222028079e+00, -8.781590322481992450e-01
-1.877284191219318554e+00, -8.789932287666518684e-01
-1.898152972108617220e+00, -8.794772019662687734e-01
-1.918685779725974427e+00, -8.795582735620351977e-01
-1.938859339907437418e+00, -8.791837652689374893e-01
-1.958650378489054544e+00, -8.783009988019615522e-01
-1.978035621306877045e+00, -8.768572958760937341e-01
-1.996991794196947723e+00, -8.747999782063199392e-01
-2.015495622995317149e+00, -8.720763675076260713e-01
-2.033523833538033010e+00, -8.686337854949979231e-01
-2.051053151661144103e+00, -8.644195538834221759e-01
-2.068060303200701000e+00, -8.593809943878839563e-01
-2.084522013992745393e+00, -8.534654287233698344e-01
-2.100415009873330074e+00, -8.466201786048661582e-01
-2.115716639313716119e+00, -8.387940753807999750e-01
-2.130420059127840382e+00, -8.299742791067085124e-01
-2.144535108016925040e+00, -8.201883965304148649e-01
-2.158072422184777128e+00, -8.094659680144069558e-01
-2.171042637835207234e+00, -7.978365339211697105e-01
-2.183456391172027278e+00, -7.853296346131892758e-01
-2.195324318399046071e+00, -7.719748104529513544e-01
-2.206657055720075533e+00, -7.578016018029406498e-01
-2.217465239338922256e+00, -7.428395490256458622e-01
-2.227759505459398159e+00, -7.271181924835515842e-01
-2.237550490285313831e+00, -7.106670725391438515e-01
-2.246848830020478527e+00, -6.935157295549082557e-01
-2.255665160868704167e+00, -6.756937038933292783e-01
-2.264010119033797785e+00, -6.572305359168963967e-01
-2.271894340719571304e+00, -6.381557659880937594e-01
-2.279328462129834421e+00, -6.184989344694072910e-01
-2.286323119468396836e+00, -5.982895817233229163e-01
-2.292888948939069582e+00, -5.775572481123241175e-01
-2.299036586745661470e+00, -5.563314739989018154e-01
-2.304776669091983976e+00, -5.346417997455392701e-01
-2.310119832181845911e+00, -5.125177657147228505e-01
-2.315076712219057864e+00, -4.899889122689381482e-01
-2.319657945407429533e+00, -4.670847797706685900e-01
-2.323874167950771952e+00, -4.438349085824054852e-01
-2.327736016052893930e+00, -4.202688390666318163e-01
-2.331254125917606945e+00, -3.964161115858340079e-01
-2.334439133748719364e+00, -3.723062665024977624e-01
-2.337301675750042218e+00, -3.479688441791061182e-01
-2.339852388125386984e+00, -3.234333849781508841e-01
-2.342101907078560252e+00, -2.987294292621148761e-01
-2.344060868813374832e+00, -2.738865173934841857e-01
-2.345739909533639533e+00, -2.489341897347448762e-01
-2.347149665443165389e+00, -2.239019866483799026e-01
-2.348300772745762099e+00, -1.988194484968811293e-01
-2.349203867645239807e+00, -1.737161156427313446e-01
-2.349869586345407324e+00, -1.486215284484166399e-01
-2.350308565050077014e+00, -1.235652272764230369e-01
-2.350531439963056801e+00, -9.857675248923356004e-02
-2.350548847288158161e+00, -7.368564444933983770e-02
-2.350371423229190793e+00, -4.892144351922500523e-02
-2.350009803989963508e+00, -2.431369006137490407e-02
-2.349473877934206367e+00, 1.090077172053926857e-04
-2.348761986390014656e+00, 2.433243456967844678e-02
-2.347863395484317550e+00, 4.835368715758264768e-02
-2.346767126880523247e+00, 7.217016685734710391e-02
-2.345462202242040828e+00, 9.577927504540120762e-02
-2.343937643232277157e+00, 1.191784130981764500e-01
-2.342182471514639985e+00, 1.423649823920970781e-01
-2.340185708752538840e+00, 1.653363843035948744e-01
-2.337936376609379252e+00, 1.880900202090988738e-01
-2.335423496748571193e+00, 2.106232914850384441e-01
-2.332636090833521969e+00, 2.329335995078452293e-01
-2.329563180527638000e+00, 2.550183456539433235e-01
-2.326193787494330589e+00, 2.768749312997646483e-01
-2.322516933397004379e+00, 2.985007578217381830e-01
-2.318521639899069342e+00, 3.198932265962933230e-01
-2.314196928663931896e+00, 3.410497389998614071e-01
-2.309531821355001568e+00, 3.619676964088670568e-01
-2.304515339635685223e+00, 3.826445001997417772e-01
-2.299136505169390610e+00, 4.030775517489147974e-01
-2.293384339619526813e+00, 4.232642524328154021e-01
-2.287247864649500695e+00, 4.432020036278747632e-01
-2.280716101922720895e+00, 4.628882067105179465e-01
-2.273778073102593833e+00, 4.823202630571759575e-01
-2.266422799852530812e+00, 5.014955740442785803e-01
-2.258639303835936030e+00, 5.204115410482546000e-01
-2.250416606716219015e+00, 5.390655654455350776e-01
-2.241743730156787962e+00, 5.574550486125455784e-01
-2.232609695821051066e+00, 5.755773919257171078e-01
-2.223003525372415190e+00, 5.934299967614790061e-01
-2.212914240474289418e+00, 6.110102644962602803e-01
-2.202330862790079724e+00, 6.283155965064921578e-01
-2.191242413983196080e+00, 6.453433941685999820e-01
-2.179637915717045793e+00, 6.620910588590148693e-01
-2.167506389655037058e+00, 6.785559919541659379e-01
-2.154836857460577626e+00, 6.947355948304825279e-01
-2.141618340797074360e+00, 7.106272688643957558e-01
-2.127842678282597433e+00, 7.262296822519848094e-01
-2.113537139452152935e+00, 7.415574369147018841e-01
-2.098753194984384063e+00, 7.566360183302128783e-01
-2.083542783752240890e+00, 7.714911225290048691e-01
-2.067957844628673048e+00, 7.861484455415669315e-01
-2.052050316486634163e+00, 8.006336833983824786e-01
-2.035872138199072978e+00, 8.149725321299405856e-01
-2.019475248638941345e+00, 8.291906877667286624e-01
-2.002911586679189782e+00, 8.433138463392334527e-01
-1.986233091192768141e+00, 8.573677038779441428e-01
-1.969491701052629162e+00, 8.713779564133443678e-01
-1.952739355131722698e+00, 8.853702999759233139e-01
-1.936027992302999934e+00, 8.993704305961677248e-01
-1.919409551439411610e+00, 9.134040443045653435e-01
-1.902935971413906246e+00, 9.274968371316043569e-01
-1.886659191099438582e+00, 9.416745051077691775e-01
-1.870631149368957580e+00, 9.559627442635481032e-01
-1.854903785095414204e+00, 9.703872506294290989e-01
-1.839529037151759416e+00, 9.849737202358985755e-01
-1.824558844410942626e+00, 9.997478491134460521e-01
-1.810045145745917017e+00, 1.014735333292554831e+00
-1.796039880029632441e+00, 1.029961868803713987e+00
-1.782594986135039639e+00, 1.045453151677410375e+00
-1.769762402935088463e+00, 1.061234877944133848e+00
-1.757594069302732098e+00, 1.077332743634367374e+00
-1.746141924110919508e+00, 1.093772444778599695e+00
-1.735457906232601877e+00, 1.110579677407318222e+00
-1.725593954540731501e+00, 1.127780137551010586e+00
-1.716599402840726096e+00, 1.145398332095938443e+00
-1.708472866826043379e+00, 1.163435616455558153e+00
-1.701166882212804543e+00, 1.181872311755965743e+00
-1.694632309951958016e+00, 1.200687974637376199e+00
-1.688820010994454890e+00, 1.219862161740006723e+00
-1.683680846291244482e+00, 1.239374429704075409e+00
-1.679165676793280548e+00, 1.259204335169795019e+00
-1.675225363451511962e+00, 1.279331434777383869e+00
-1.671810767216889149e+00, 1.299735285167057830e+00
-1.668872749040362979e+00, 1.320395442979034106e+00
-1.666362169872883658e+00, 1.341291464853531457e+00
-1.664229890665402722e+00, 1.362402907430761312e+00
-1.662426772368869266e+00, 1.383709327350942209e+00
-1.660903675934235935e+00, 1.405190281254291351e+00
-1.659611462312451602e+00, 1.426825325781024389e+00
-1.658500992454467582e+00, 1.448594017571360748e+00
-1.657523127311234745e+00, 1.470475913265511414e+00
-1.656628727833702630e+00, 1.492450569503695590e+00
-1.655768654972823439e+00, 1.514497542926129814e+00
-1.654893769679546711e+00, 1.536596390173030624e+00
-1.653954932904823094e+00, 1.558726667884616557e+00
-1.652903005599603459e+00, 1.580867932701099265e+00
-1.651688848714838675e+00, 1.602999741262697730e+00
-1.650263323201478727e+00, 1.625101650209628490e+00
-1.648577290010474261e+00, 1.647153216182107194e+00
-1.646581610092776149e+00, 1.669133995820353933e+00
-1.644227144399335483e+00, 1.691023545764579472e+00
-1.641464753881102245e+00, 1.712801422655003014e+00
-1.638245299489027085e+00, 1.734447183131841097e+00
-1.634519642174060872e+00, 1.755940383835309593e+00
-1.630238642887153588e+00, 1.777260581405627260e+00
-1.625353162579256994e+00, 1.798387332483006862e+00
-1.619814062201320848e+00, 1.819300193707666047e+00
-1.613572202704295577e+00, 1.839978721719822019e+00
-1.606578445039132941e+00, 1.860402473159690651e+00
-1.598783650156781144e+00, 1.880551004667490922e+00
-1.590138679008193279e+00, 1.900403872883434708e+00
-1.580597210915763995e+00, 1.919940410254785013e+00
-1.570158203816514053e+00, 1.939136347451459352e+00
-1.558857132169797710e+00, 1.957964510364067046e+00
-1.546730510938832293e+00, 1.976397642114273268e+00
-1.533814855086836237e+00, 1.994408485823733423e+00
-1.520146679577027760e+00, 2.011969784614115131e+00
-1.505762499372625074e+00, 2.029054281607078902e+00
-1.490698829436845729e+00, 2.045634719924288802e+00
-1.474992184732905942e+00, 2.061683842687407342e+00
-1.458679080224027036e+00, 2.077174393018093923e+00
-1.441796030873425227e+00, 2.092079114038013277e+00
-1.424379551644319619e+00, 2.106370748868827913e+00
-1.406466157499926428e+00, 2.120022040632199456e+00
-1.388092363403462981e+00, 2.133005732449792191e+00
-1.369294684318150379e+00, 2.145294567443265521e+00
-1.350109635207205505e+00, 2.156861288734284177e+00
-1.330573731033845686e+00, 2.167678639444508892e+00
-1.310723486761289358e+00, 2.177719362695603511e+00
-1.290595417352751628e+00, 2.186956201609230988e+00
-1.270226037771455818e+00, 2.195361899307052056e+00
-1.249651862980616812e+00, 2.202909198910729227e+00
-1.228909407943453269e+00, 2.209570843541925456e+00
-1.208035187623182960e+00, 2.215319576322303696e+00
-1.187065716983021657e+00, 2.220128140373526460e+00
-1.166037510986191794e+00, 2.223969278817254924e+00
-1.144987084595908922e+00, 2.226815734775152933e+00
-1.123950952775391920e+00, 2.228640251368882108e+00
-1.102965630487855231e+00, 2.229415571720104960e+00
-1.082067632696522175e+00, 2.229114438950483557e+00
-1.061293473964600498e+00, 2.227709597208082482e+00
-1.040670577181351586e+00, 2.225197119490939901e+00
-1.020193774131974207e+00, 2.221656706188633201e+00
-9.998505965406571105e-01, 2.217186789337839414e+00
-9.796285761315978169e-01, 2.211885800975241345e+00
-9.595152446289858528e-01, 2.205852173137516914e+00
-9.394981337570140756e-01, 2.199184337861346261e+00
-9.195647752398742325e-01, 2.191980727183409972e+00
-8.997027008017561833e-01, 2.184339773140386853e+00
-8.798994421668566712e-01, 2.176359907768957935e+00
-8.601425310593661111e-01, 2.168139563105802914e+00
-8.404194992034763612e-01, 2.159777171187601041e+00
-8.207178783233796127e-01, 2.151371164051032459e+00
-8.010252001432658364e-01, 2.143019973732776862e+00
-7.813289963873319977e-01, 2.134822032269514391e+00
-7.616167987797675121e-01, 2.126875771697924744e+00
-7.418761390447651261e-01, 2.119279624054688949e+00
-7.220945489065169198e-01, 2.112132021376484925e+00
-7.022595600892126422e-01, 2.105531395699993258e+00
-6.823587043170491473e-01, 2.099576179061894088e+00
-6.623795133142162950e-01, 2.094364803498867111e+00
-6.423102337559216668e-01, 2.089988808781905849e+00
-6.221479742235194177e-01, 2.086454304197443044e+00
-6.018958334510243757e-01, 2.083709652804857981e+00
-5.815570230121003270e-01, 2.081702129867599282e+00
-5.611347544804061727e-01, 2.080379010649118232e+00
-5.406322394296013689e-01, 2.079687570412860342e+00
-5.200526894333464822e-01, 2.079575084422277786e+00
-4.993993160652995811e-01, 2.079988827940820517e+00
-4.786753308991250067e-01, 2.080876076231935379e+00
-4.578839455084809940e-01, 2.082184104559072768e+00
-4.370283714670276098e-01, 2.083860188185682194e+00
-4.161118203484249767e-01, 2.085851602375211833e+00
-3.951375037263310519e-01, 2.088105622391112082e+00
-3.741086331744108984e-01, 2.090569523496832449e+00
-3.530285383496881702e-01, 2.093193717836926204e+00
-3.319012888376444703e-01, 2.095948273733344802e+00
-3.107312402061016554e-01, 2.098810856620387799e+00
-2.895227486383317173e-01, 2.101759148281848955e+00
-2.682801703176141417e-01, 2.104770830501520251e+00
-2.470078614272213091e-01, 2.107823585063195893e+00
-2.257101781504279037e-01, 2.110895093750669638e+00
-2.043914766705085262e-01, 2.113963038347733914e+00
-1.830561131707355016e-01, 2.117005100638183368e+00
-1.617084438343881492e-01, 2.119998962405809539e+00
-1.403528248447389326e-01, 2.122922305434406631e+00
-1.189936123850624666e-01, 2.125752811507768403e+00
-9.763516263863339373e-02, 2.128468162409688169e+00
-7.628183178872396941e-02, 2.131046039923958357e+00
-5.493797601861368646e-02, 2.133464125834373615e+00
-3.360795151157484895e-02, 2.135700101924726368e+00
-1.229611445088207161e-02, 2.137731649978810378e+00
8.993178980189947547e-03, 2.139536451780418957e+00
3.025557259836887669e-02, 2.141092189113344535e+00
5.148671022037534795e-02, 2.142376543761381757e+00
7.268223566293706417e-02, 2.143367197508323496e+00
9.383779274277934124e-02, 2.144041832137962622e+00
1.149490252766298265e-01, 2.144378129434093339e+00
1.360115770812092006e-01, 2.144353771180508517e+00
1.570210919732451249e-01, 2.143946439161001472e+00
1.779732137694629568e-01, 2.143133815159365962e+00
1.988635862865879289e-01, 2.141893580959394860e+00
2.196878533413477996e-01, 2.140203418344881481e+00
2.404416587504632219e-01, 2.138041009099619583e+00
2.611206463306617875e-01, 2.135384035007402037e+00
