-6.552599272159274069e-01, 8.139501904384380815e-01
-6.447539885537383331e-01, 8.135847950082248925e-01
-6.342562840283405556e-01, 8.132314313766030311e-01
-6.237666935474370788e-01, 8.128899909294374782e-01
-6.132850970187306849e-01, 8.125603650525921040e-01
-6.028113743499246002e-01, 8.122424451319317784e-01
-5.923454054487218290e-01, 8.119361225533209270e-01
-5.818870702228255976e-01, 8.116412887026241973e-01
-5.714362485799391322e-01, 8.113578349657064592e-01
-5.609928204277649932e-01, 8.110856527284315831e-01
-5.505566656740066289e-01, 8.108246333766639946e-01
-5.401276642263667105e-01, 8.105746682962690075e-01
-5.297056959925486863e-01, 8.103356488731103813e-01
-5.192906408802555607e-01, 8.101074664930533187e-01
-5.088823787971905599e-01, 8.098900125419623564e-01
-4.984807896510565217e-01, 8.096831784057015868e-01
-4.880857533495563949e-01, 8.094868554701355468e-01
-4.776971498003930172e-01, 8.093009351211284397e-01
-4.673148589112701701e-01, 8.091253087445458014e-01
-4.569387605898904137e-01, 8.089598677262515025e-01
-4.465687347439571964e-01, 8.088045034521105237e-01
-4.362046612811731894e-01, 8.086591073079866243e-01
-4.258464201092414525e-01, 8.085235706797445632e-01
-4.154938911358654341e-01, 8.083977849532496540e-01
-4.051469542687479164e-01, 8.082816415143658784e-01
-3.948054894155920702e-01, 8.081750317489576618e-01
-3.844693764841007333e-01, 8.080778470428892080e-01
-3.741384953819772430e-01, 8.079899787820257195e-01
-3.638127260169245480e-01, 8.079113183522316222e-01
-3.534919482966457638e-01, 8.078417571393711194e-01
-3.431760421288437835e-01, 8.077811865293089699e-01
-3.328648874212219999e-01, 8.077294979079097104e-01
-3.225583640814832509e-01, 8.076865826610376553e-01
-3.122563520173305407e-01, 8.076523321745575634e-01
-3.019587311364671511e-01, 8.076266378343339714e-01
-2.916653813465959200e-01, 8.076093910262314157e-01
-2.813761825554201845e-01, 8.076004831361144332e-01
-2.710910146706426715e-01, 8.075998055498472272e-01
-2.608097575999664963e-01, 8.076072496532946676e-01
-2.505322912510950517e-01, 8.076227068323212910e-01
-2.402584955317312032e-01, 8.076460684727915229e-01
-2.299882503495780939e-01, 8.076772259605700111e-01
-2.197214356123385059e-01, 8.077160706815211810e-01
-2.094579312277156935e-01, 8.077624940215092364e-01
-1.991976171034127996e-01, 8.078163873663991579e-01
-1.889403731471328840e-01, 8.078776421020555931e-01
-1.786860792665788400e-01, 8.079461496143429677e-01
-1.684346153694539217e-01, 8.080218012891253743e-01
-1.581858613634610777e-01, 8.081044885122677934e-01
-1.479396971563034513e-01, 8.081941026696343178e-01
-1.376960026556839078e-01, 8.082905351470903721e-01
-1.274546577693057847e-01, 8.083936773304994938e-01
-1.172155424048720446e-01, 8.085034206057267747e-01
-1.069785364700856500e-01, 8.086196563586366404e-01
-9.674351987264978581e-02, 8.087422759750935164e-01
-8.651037252026741453e-02, 8.088711708409618284e-01
-7.627897432064181804e-02, 8.090062323421066681e-01
-6.604920518147586184e-02, 8.091473518643919061e-01
-5.582094501047261959e-02, 8.092944207936823009e-01
-4.559407371533509556e-02, 8.094473305158423893e-01
-3.536847120376652304e-02, 8.096059724167369298e-01
-2.514401738346996873e-02, 8.097702378822302371e-01
-1.492059216214833978e-02, 8.099400182981868479e-01
-4.698075447504931890e-03, 8.101152050504714097e-01
5.523652852757535148e-03, 8.102956895249482372e-01
1.574471283093573787e-02, 8.104813631074820890e-01
2.596522457932655403e-02, 8.106721171839371687e-01
3.618530819022718753e-02, 8.108678431401786790e-01
4.640508375593429408e-02, 8.110684323620702685e-01
5.662467136874504287e-02, 8.112737762354772508e-01
6.684419112095624227e-02, 8.114837661462636076e-01
7.706376310486480474e-02, 8.116982934802939864e-01
8.728350741276776070e-02, 8.119172496234334790e-01
9.750354413696203648e-02, 8.121405259615457339e-01
1.077239933697444196e-01, 8.123680138804958428e-01
1.179449752034120169e-01, 8.125996047661480093e-01
1.281666097302617269e-01, 8.128351900043672140e-01
1.383890170425903232e-01, 8.130746609810177716e-01
1.486123172326950792e-01, 8.133179090819638857e-01
1.588366303928724355e-01, 8.135648256930704258e-01
1.690620766154199150e-01, 8.138153022002021508e-01
1.792887759926340419e-01, 8.140692299892229311e-01
1.895168486168117838e-01, 8.143265004459980805e-01
1.997464145802503033e-01, 8.145870049563915805e-01
2.099775939752462073e-01, 8.148506349062678566e-01
2.202105068940968247e-01, 8.151172816814921118e-01
2.304452734290988458e-01, 8.153868366679282165e-01
2.406820136725490722e-01, 8.156591912514410403e-01
2.509208477167447215e-01, 8.159342368178947869e-01
2.611618956539826786e-01, 8.162118647531545479e-01
2.714052775765596892e-01, 8.164919664430844159e-01
2.816511135767729712e-01, 8.167744332735489277e-01
2.918995237469191872e-01, 8.170591566304129527e-01
3.021506281792953885e-01, 8.173460278995405837e-01
3.124045469661985708e-01, 8.176349384667966902e-01
3.226614001999255077e-01, 8.179257797180455869e-01
3.329213079727734170e-01, 8.182184430391520324e-01
3.431843903770388504e-01, 8.185128198159802304e-01
3.534507675050189701e-01, 8.188088014343951615e-01
3.637205594490108829e-01, 8.191062792802610293e-01
3.739938863013111403e-01, 8.194051447394423704e-01
3.842708681542168492e-01, 8.197052891978036104e-01
3.945516251000251717e-01, 8.200066040412097301e-01
4.048362772310326596e-01, 8.203089806555249330e-01
4.151249446395365306e-01, 8.206123104266138668e-01
4.254177474178334473e-01, 8.209164847403407350e-01
4.357148056582206830e-01, 8.212213949825708514e-01
4.460162394529949559e-01, 8.215269325391677535e-01
4.563221688944533172e-01, 8.218329887959967550e-01
4.666327140748924851e-01, 8.221394551389219485e-01
4.769479950866095663e-01, 8.224462229538078706e-01
4.872681320219015566e-01, 8.227531836265195020e-01
4.975932449730652296e-01, 8.230602285429208242e-01
5.079234540323975811e-01, 8.233672490888765960e-01
5.182588792921956067e-01, 8.236741366502514650e-01
5.285996408447561912e-01, 8.239807826129097457e-01
5.389458587823761082e-01, 8.242870783627160858e-01
5.492976531973527976e-01, 8.245929152855353550e-01
5.596551441819825889e-01, 8.248981847672312018e-01
5.700184518285629220e-01, 8.252027781936690509e-01
5.803876962293903485e-01, 8.255065869507133280e-01
5.907629974767619752e-01, 8.258095024242276816e-01
6.011444756629744646e-01, 8.261114160000775364e-01
6.115322508803253676e-01, 8.264122190641273180e-01
6.219264432211113469e-01, 8.267118030022412301e-01
6.323271727776289541e-01, 8.270100592002841422e-01
6.427345596421751850e-01, 8.273068790441202580e-01
6.531487239070477013e-01, 8.276021539196144472e-01
6.635697856645428327e-01, 8.278957752126310243e-01
6.739978650069574639e-01, 8.281876343090345260e-01
6.844330820265889237e-01, 8.284776225946894890e-01
6.948755568157335416e-01, 8.287656314554607828e-01
7.053254094666889795e-01, 8.290515522772125001e-01
7.157827600717516781e-01, 8.293352764458090665e-01
7.262477287232187440e-01, 8.296166953471154626e-01
7.367204355133869509e-01, 8.298957003669957810e-01
7.472010005345532946e-01, 8.301721828913152246e-01
7.576895438790152149e-01, 8.304460343059378857e-01
7.681861856390688192e-01, 8.307171459967278571e-01
7.786910459070116586e-01, 8.309854093495503413e-01
7.892042447751403955e-01, 8.312507157502696531e-01
7.997259023357521368e-01, 8.315129565847503290e-01
8.102561386811433231e-01, 8.317720232388567947e-01
8.207950739036116161e-01, 8.320278070984538088e-01
8.313428280954533456e-01, 8.322801995494055749e-01
8.418995213489657292e-01, 8.325290919775770737e-01
8.524652737564459848e-01, 8.327743757688326198e-01
8.630401678816173039e-01, 8.330158806644138991e-01
8.736237641443858060e-01, 8.332525787295042008e-01
8.842152402585813364e-01, 8.334828133943645856e-01
8.948137651435322804e-01, 8.337049136433631880e-01
9.054185077185660235e-01, 8.339172084608669211e-01
9.160286369030106179e-01, 8.341180268312432533e-01
9.266433216161930053e-01, 8.343056977388597639e-01
9.372617307774417927e-01, 8.344785501680834772e-01
9.478830333060844771e-01, 8.346349131032818613e-01
9.585063981214487772e-01, 8.347731155288222737e-01
9.691309941428626340e-01, 8.348914864290721827e-01
9.797559902896533224e-01, 8.349883547883989454e-01
9.903805554811491163e-01, 8.350620495911696972e-01
1.001003858636677402e+00, 8.351108998217519064e-01
1.011625068675566341e+00, 8.351332344645130412e-01
1.022243354517142988e+00, 8.351273825038202370e-01
1.032857885080735505e+00, 8.350916729240410730e-01
1.043467829285671611e+00, 8.350244347095426845e-01
1.054072356051279469e+00, 8.349239968446925397e-01
1.064670634296886131e+00, 8.347886883138577740e-01
1.075261832941819762e+00, 8.346168381014060778e-01
1.085845120905407635e+00, 8.344067751917048081e-01
1.096419667106977913e+00, 8.341568285691208784e-01
1.106984640465858538e+00, 8.338653272180222009e-01
1.117539209901377228e+00, 8.335306001227759110e-01
1.128082544332861259e+00, 8.331509762677492548e-01
1.138613812679638349e+00, 8.327247846373093676e-01
1.149132183861036438e+00, 8.322503542158241618e-01
1.159636826796383913e+00, 8.317260139876605507e-01
1.170126910405007603e+00, 8.311500929371862245e-01
1.180601603606235672e+00, 8.305209200487679855e-01
1.191060075319396283e+00, 8.298368243067740790e-01
1.201501494463815822e+00, 8.290961346955709743e-01
1.211925029958823341e+00, 8.282971801995264727e-01
1.222329850723746336e+00, 8.274382898030080424e-01
1.232715125677912305e+00, 8.265177924903825968e-01
1.243080023740648743e+00, 8.255340172460178261e-01
1.253423713831284259e+00, 8.244852930542808656e-01
1.263745364869145682e+00, 8.233699488995392946e-01
1.274044145773561176e+00, 8.221863137661602483e-01
1.284319225463858460e+00, 8.209327166385111951e-01
1.294569772859365253e+00, 8.196074865009594923e-01
1.304794956879409273e+00, 8.182089523378723861e-01
1.314993946443318462e+00, 8.167354431336175669e-01
1.325165910470420316e+00, 8.151852878725619478e-01
1.335310017880042555e+00, 8.135568155390729972e-01
1.345425437591513340e+00, 8.118483551175181834e-01
1.355511338524160614e+00, 8.100582355922649747e-01
1.365566889597310318e+00, 8.081847859476802842e-01
1.375591259730292393e+00, 8.062263351681321355e-01
1.385583617842434112e+00, 8.041812122379873307e-01
1.395543132853062529e+00, 8.020477461416133380e-01
1.405468973681505807e+00, 7.998242658633777369e-01
1.415360309247090775e+00, 7.975091003876474405e-01
1.425216308469146487e+00, 7.951005786987900281e-01
1.435036140267000659e+00, 7.925970297811731902e-01
1.444818973559980346e+00, 7.899967826191638398e-01
1.454563977267413266e+00, 7.872981661971292233e-01
1.464270320308627582e+00, 7.844995094994371421e-01
1.473937171602950791e+00, 7.815991415104548423e-01
1.483563700069710389e+00, 7.785953912145494593e-01
1.493149074628234985e+00, 7.754865875960884614e-01
1.502692464197851852e+00, 7.722710596394393168e-01
1.512193037697888487e+00, 7.689471363289690498e-01
1.521649964047672610e+00, 7.655131466490454617e-01
1.531062412166532605e+00, 7.619674195840354658e-01
1.540429550973795525e+00, 7.583082841183066414e-01
1.549750545804582158e+00, 7.545340936079173444e-01
1.559024424494970029e+00, 7.506441363671160216e-01
1.568250037320456869e+00, 7.466389080765147845e-01
1.577426222795453858e+00, 7.425189843890962482e-01
1.586551819434372401e+00, 7.382849409578424726e-01
1.595625665751622346e+00, 7.339373534357361839e-01
1.604646600261616207e+00, 7.294767974757602191e-01
1.613613461478764499e+00, 7.249038487308969714e-01
1.622525087917476627e+00, 7.202190828541287226e-01
1.631380318092166437e+00, 7.154230754984387541e-01
1.640177990517242668e+00, 7.105164023168090148e-01
1.648916943707117611e+00, 7.054996389622224529e-01
1.657596016176201781e+00, 7.003733610876613502e-01
1.666214046438905472e+00, 6.951381443461084331e-01
1.674769873009641197e+00, 6.897945643905460944e-01
1.683262334402818805e+00, 6.843431968739570603e-01
1.691690269132850144e+00, 6.787846174493239459e-01
1.700052515714145285e+00, 6.731194017696292553e-01
1.708347912661115853e+00, 6.673481254878557145e-01
1.716575298488173029e+00, 6.614713642569854946e-01
1.724733511709727773e+00, 6.554896937300014326e-01
1.732821390840190601e+00, 6.494036895598861436e-01
1.740837774393972914e+00, 6.432139273996222428e-01
1.748781500885484785e+00, 6.369209829021917901e-01
1.756651408829138949e+00, 6.305254317205781778e-01
1.764446336739345034e+00, 6.240278495077633547e-01
1.772165123130514885e+00, 6.174288119167302691e-01
1.779806606517059242e+00, 6.107288946004610919e-01
1.787369625413388841e+00, 6.039286732119386603e-01
1.794853018333914862e+00, 5.970287234041458113e-01
1.802255623793048267e+00, 5.900296208300646050e-01
1.809576280305200235e+00, 5.829319411426778785e-01
1.816813826384781949e+00, 5.757362599949681359e-01
1.823967100546204145e+00, 5.684431530399177701e-01
1.831034941303877339e+00, 5.610531959305095073e-01
1.838016187172213822e+00, 5.535669643197264067e-01
1.844909676665623666e+00, 5.459850338605498621e-01
1.851714248298517163e+00, 5.383079802059637098e-01
1.858428740585306826e+00, 5.305363790089498988e-01
1.865051992040402951e+00, 5.226708059224908220e-01
1.871582841178217160e+00, 5.147118365995695388e-01
1.878020126513159749e+00, 5.066600466931679980e-01
1.884362686559641897e+00, 4.985160118562697029e-01
1.890609359832074121e+00, 4.902803077418564914e-01
1.896758984844869378e+00, 4.819535100029109231e-01
1.902810400112435962e+00, 4.735361942924161127e-01
1.908762444149186610e+00, 4.650289362633536205e-01
1.914613955469531614e+00, 4.564323115687072274e-01
1.920363772587882600e+00, 4.477468958614589933e-01
1.926010734018650750e+00, 4.389732647945909783e-01
1.931553678276245689e+00, 4.301119940210866299e-01
1.936991443875080154e+00, 4.211636591939278973e-01
1.942322869329564439e+00, 4.121288359660977840e-01
1.947546793154108835e+00, 4.030080999905787387e-01
1.952662056270647373e+00, 3.938020292991549764e-01
1.957667884090037669e+00, 3.845115818259148832e-01
1.962564305008491106e+00, 3.751385089113701832e-01
1.967351448047861551e+00, 3.656846613213006747e-01
1.972029442230002649e+00, 3.561518898214846574e-01
1.976598416576768713e+00, 3.465420451777005972e-01
1.981058500110015164e+00, 3.368569781557284037e-01
1.985409821851595202e+00, 3.270985395213458213e-01
1.989652510823363363e+00, 3.172685800403330370e-01
1.993786696047174622e+00, 3.073689504784675730e-01
1.997812506544881295e+00, 2.974015016015295054e-01
2.001730071338338579e+00, 2.873680841752970228e-01
2.005539519449401453e+00, 2.772705489655485911e-01
2.009240979899923563e+00, 2.671107467380641198e-01
2.012834581711759441e+00, 2.568905282586215200e-01
2.016320453906762289e+00, 2.466117442930006176e-01
2.019698725506787973e+00, 2.362762456069798234e-01
2.022969525533690138e+00, 2.258858829663373535e-01
2.026132983009321098e+00, 2.154425071368532840e-01
2.029189226955537606e+00, 2.049479688843052760e-01
2.032138386394193308e+00, 1.944041189744734610e-01
2.034980590347141405e+00, 1.838128081731361108e-01
2.037715967836237763e+00, 1.731758872460714693e-01
2.040344647883334694e+00, 1.624952069590595571e-01
2.042866759510288510e+00, 1.517726180778782297e-01
2.045282431738951523e+00, 1.410099713683072853e-01
2.047591793591179155e+00, 1.302091175961252456e-01
2.049794974088825050e+00, 1.193719075271101743e-01
2.051892102253744632e+00, 1.085001919270424109e-01
2.053883307107789769e+00, 9.759582156169936684e-02
2.055768717672817214e+00, 8.666064719686124296e-02
2.057548462970679726e+00, 7.569651959830632493e-02
2.059222672023232281e+00, 6.470528953181288456e-02
2.060791473852328526e+00, 5.368880776316092840e-02
2.062254997479823437e+00, 4.264892505812820783e-02
2.063613371927570217e+00, 3.158749218249470858e-02
2.064866726217423398e+00, 2.050635990203828266e-02
2.066015189371237959e+00, 9.407378982538770057e-03
2.067058890410867544e+00, -1.707599810225544391e-03
2.067997958358165800e+00, -1.283672571047613647e-02
2.068832522234988591e+00, -2.397814795243300573e-02
2.069562711063189120e+00, -3.513001577031872602e-02
2.070188653864621919e+00, -4.629047839835299938e-02
2.070710479661139747e+00, -5.745768507075764420e-02
2.071128317474599356e+00, -6.862978502175424989e-02
2.071442296326853061e+00, -7.980492748556286542e-02
2.071652545239755394e+00, -9.098126169640584349e-02
2.071759193235162222e+00, -1.021569368885031082e-01
2.071762369334925857e+00, -1.133301022960761933e-01
2.071662202560900834e+00, -1.244989071533470215e-01
2.071458821934941241e+00, -1.356615006945354196e-01
2.071152356478903389e+00, -1.468160321538637680e-01
2.070742935214639147e+00, -1.579606507655521019e-01
2.070230687164003047e+00, -1.690935057638219552e-01
2.069615741348850513e+00, -1.802127463828950560e-01
2.068898226791035189e+00, -1.913165218569915227e-01
2.068078272512409832e+00, -2.024029814203333610e-01
2.067156007534831641e+00, -2.134702743071408837e-01
2.066131560880152485e+00, -2.245165497516355413e-01
2.065005061570227785e+00, -2.355399569880392008e-01
2.063776638626911186e+00, -2.465386452505716752e-01
2.062446421072056779e+00, -2.575107637734554422e-01
2.061014537927519541e+00, -2.684544617909102038e-01
2.059481118215153117e+00, -2.793678885371578824e-01
2.057846290956811597e+00, -2.902491932464201230e-01
2.056110185174350402e+00, -3.010965251529168496e-01
2.054272929889622290e+00, -3.119080334908703733e-01
2.052334654124482238e+00, -3.226818674945007848e-01
2.050295486900783448e+00, -3.334161763980293958e-01
2.048155557240381786e+00, -3.441091094356785174e-01
2.045914994165130452e+00, -3.547588158416676296e-01
2.043573926696884868e+00, -3.653634448502192100e-01
2.041132483857497348e+00, -3.759211456955532382e-01
2.038590794668823758e+00, -3.864300676118918032e-01
2.035948988152717742e+00, -3.968883598334552176e-01
2.033207193331033835e+00, -4.072941715944649044e-01
2.030365539225625238e+00, -4.176456521291425084e-01
2.027424154858346483e+00, -4.279409506717083422e-01
2.024383169251053438e+00, -4.381782164563843285e-01
2.021242711425598415e+00, -4.483555987173908353e-01
2.018002910403836392e+00, -4.584712466889491189e-01
2.014663895207621902e+00, -4.685233096052813240e-01
2.011225794858808591e+00, -4.785099367006069859e-01
2.007688738379250548e+00, -4.884292772091486379e-01
2.004052854790802751e+00, -4.982794803651261484e-01
2.000318273115319734e+00, -5.080586954027613844e-01
1.996485122374654031e+00, -5.177650715562758243e-01
1.992553531590661509e+00, -5.273967580598896143e-01
1.988523629785195590e+00, -5.369519041478248988e-01
1.984395545980111031e+00, -5.464286590543019351e-01
1.980169409197261920e+00, -5.558251720135420904e-01
1.975845348458501682e+00, -5.651395922597671762e-01
1.971423492785685738e+00, -5.743700690271972276e-01
1.966903971200667955e+00, -5.835147515500545001e-01
1.962286912725301979e+00, -5.925717890625589179e-01
1.957572446381443010e+00, -6.015393307989321814e-01
1.952760701190944248e+00, -6.104155259933961020e-01
1.947851806175660450e+00, -6.191985238801703817e-01
1.942845890357445926e+00, -6.278864736934777202e-01
1.937743082758155211e+00, -6.364775246675378195e-01
1.932543512399641727e+00, -6.449698260365728242e-01
1.927247308303760454e+00, -6.533615270348032134e-01
1.921854599492364812e+00, -6.616507768964499103e-01
1.916365514987310226e+00, -6.698357248557355037e-01
1.910780183810449673e+00, -6.779145201468792514e-01
1.905098734983638353e+00, -6.858853120041039642e-01
1.899321297528729691e+00, -6.937462496616291219e-01
1.893448000467578218e+00, -7.014954823536766471e-01
1.887478972822038692e+00, -7.091311593144684622e-01
1.881414343613964757e+00, -7.166514297782242693e-01
1.875254241865211169e+00, -7.240544429791664349e-01
1.868998796597631573e+00, -7.313383481515147722e-01
1.862648136833080503e+00, -7.385012945294913145e-01
1.856202391593411605e+00, -7.455414313473174293e-01
1.849661689900480521e+00, -7.524569078392131516e-01
1.843026160776140010e+00, -7.592458732394011811e-01
1.836295933242244605e+00, -7.659064767821006647e-01
1.829471169032296451e+00, -7.724369786218934220e-01
1.822552528565375196e+00, -7.788373298824310398e-01
1.815541060921851635e+00, -7.851087995803397446e-01
1.808437825459390691e+00, -7.912526915810380590e-01
1.801243881535660618e+00, -7.972703097499446168e-01
1.793960288508326117e+00, -8.031629579524777185e-01
1.786588105735055665e+00, -8.089319400540564420e-01
1.779128392573514406e+00, -8.145785599200986438e-01
1.771582208381368151e+00, -8.201041214160228465e-01
1.763950612516285599e+00, -8.255099284072477950e-01
1.756234664335931228e+00, -8.307972847591915677e-01
1.748435423197971961e+00, -8.359674943372733535e-01
1.740553948460074718e+00, -8.410218610069106759e-01
1.732591299479905089e+00, -8.459616886335231678e-01
1.724548535615130884e+00, -8.507882810825279085e-01
1.716426716223417470e+00, -8.555029422193446420e-01
1.708226900662430880e+00, -8.601069759093911138e-01
1.699950148289839369e+00, -8.646016860180859576e-01
1.691597518463307193e+00, -8.689883764108475850e-01
1.683170070540502827e+00, -8.732683509530948518e-01
1.674668863879091418e+00, -8.774429135102459476e-01
1.666094957836739665e+00, -8.815133679477189510e-01
1.657449411771114711e+00, -8.854810181309329398e-01
1.648733285039881924e+00, -8.893471679253064366e-01
1.639947637000708447e+00, -8.931131211962576311e-01
1.631093527011260313e+00, -8.967801818092047128e-01
1.622172014429204445e+00, -9.003496536295667596e-01
1.613184158612207320e+00, -9.038228405227616280e-01
1.604131018917934748e+00, -9.072010463542087289e-01
1.595013654704053874e+00, -9.104855749893255856e-01
1.585833125328230730e+00, -9.136777302935311651e-01
1.576590490148131796e+00, -9.167788161322435458e-01
1.567286808521423991e+00, -9.197901363708813616e-01
1.557923139805772905e+00, -9.227129948748636901e-01
1.548500543358846127e+00, -9.255486955096082768e-01
1.539020078538308578e+00, -9.282985421405339777e-01
1.529482804701828291e+00, -9.309638386330587601e-01
1.519889781207071300e+00, -9.335458888526015908e-01
1.510242067411702971e+00, -9.360459966645812147e-01
1.500540722673390892e+00, -9.384654659344151550e-01
1.490786806349801319e+00, -9.408056005275229339e-01
1.480981377798600507e+00, -9.430677043093220746e-01
1.471125496377455599e+00, -9.452530811452316550e-01
1.461220221444031742e+00, -9.473630349006701978e-01
1.451266612355996077e+00, -9.493988694410556706e-01
1.441265728471014862e+00, -9.513618886318072621e-01
1.431218629146755239e+00, -9.532533963383427178e-01
1.421126373740882576e+00, -9.550746964260811156e-01
1.410990021611064904e+00, -9.568270927604404230e-01
1.400810632114967369e+00, -9.585118892068396068e-01
1.390589264610256448e+00, -9.601303896306966346e-01
1.380326978454599063e+00, -9.616838978974303620e-01
1.370024833005661025e+00, -9.631737178724590898e-01
1.359683887621109699e+00, -9.646011534212012295e-01
1.349305201658611564e+00, -9.659675084090755259e-01
1.338889834475831764e+00, -9.672740867015003907e-01
1.328438845430438109e+00, -9.685221921638940135e-01
1.317953293880096410e+00, -9.697131286616752499e-01
1.307434239182473368e+00, -9.708482000602622897e-01
1.296882740695235459e+00, -9.719287102250735444e-01
1.286299857776048494e+00, -9.729559630215279808e-01
1.275686649782579840e+00, -9.739312623150434556e-01
1.265044176072494864e+00, -9.748559119710387133e-01
1.254373496003461375e+00, -9.757312158549323877e-01
1.243675668933144962e+00, -9.765584778321427795e-01
1.232951754219212104e+00, -9.773390017680887443e-01
1.222202811219329721e+00, -9.780740915281880277e-01
1.211429899291163625e+00, -9.787650509778594854e-01
1.200634077792381182e+00, -9.794131839825217511e-01
1.189816406080647759e+00, -9.800197944075930145e-01
1.178977943513630056e+00, -9.805861861184919093e-01
1.168119749448995215e+00, -9.811136629806369580e-01
1.157242883244409049e+00, -9.816035288594466834e-01
1.146348404257538478e+00, -9.820570876203391641e-01
1.135437371846049759e+00, -9.824756431287332559e-01
1.124510845367608702e+00, -9.828604992500473703e-01
1.113569884179882896e+00, -9.832129598496998080e-01
1.102615547640537930e+00, -9.835343287931095357e-01
1.091648895107240502e+00, -9.838259099456942991e-01
1.080670985937657314e+00, -9.840890071728729538e-01
1.069682879489453953e+00, -9.843249243400640225e-01
1.058685635120298674e+00, -9.845349653126862499e-01
1.047680312187855955e+00, -9.847204339561576036e-01
1.036667970049793608e+00, -9.848826341358966063e-01
1.025649668063777220e+00, -9.850228697173221137e-01
1.014626465587473936e+00, -9.851424445658519824e-01
1.003599421978549566e+00, -9.852426625469051791e-01
9.925695965946709221e-01, -9.853248275259003375e-01
9.815380487935045917e-01, -9.853902433682554252e-01
9.705058379327164975e-01, -9.854402139393891868e-01
9.594740233699738940e-01, -9.854760431047200342e-01
9.484436644629427038e-01, -9.854990347296666009e-01
9.374158205692888490e-01, -9.855104926796471876e-01
9.263915510466799175e-01, -9.855117208200802059e-01
9.153719152527813874e-01, -9.855040230163844006e-01
9.043579725452607354e-01, -9.854887031339780723e-01
8.933507822817837729e-01, -9.854670650382797437e-01
8.823514038200164222e-01, -9.854404125947076043e-01
8.713608965176263821e-01, -9.854100496686806210e-01
8.603803197322786867e-01, -9.853772801256169833e-01
8.494107328216412567e-01, -9.853434078309352140e-01
8.384531951433796815e-01, -9.853097366500535026e-01
8.275087660551601054e-01, -9.852775704483910379e-01
8.165785049146501162e-01, -9.852482130913656766e-01
8.056634710795148591e-01, -9.852229684443960522e-01
7.947647239074220327e-01, -9.852031403729009096e-01
7.838833227560372263e-01, -9.851900327422982162e-01
7.730203269830266954e-01, -9.851849494180068278e-01
7.621767959460579167e-01, -9.851891942654449341e-01
7.513537890027962574e-01, -9.852040711500316128e-01
7.405523655109093051e-01, -9.852308839371847204e-01
7.297735848280622051e-01, -9.852709364923225577e-01
7.190185063119225450e-01, -9.853255326808643133e-01
7.082881893201565804e-01, -9.853959763682282880e-01
6.975836932104297894e-01, -9.854835714198324492e-01
6.869060773404093156e-01, -9.855896217010957638e-01
6.762562718261667660e-01, -9.857152770492533245e-01
6.656342010137342724e-01, -9.858604886399898737e-01
6.550393178722335730e-01, -9.860246458691011018e-01
6.444710726686933011e-01, -9.862071349120687946e-01
6.339289156701415351e-01, -9.864073419443759594e-01
6.234122971436090177e-01, -9.866246531415047150e-01
6.129206673561233831e-01, -9.868584546789374023e-01
6.024534765747135978e-01, -9.871081327321564736e-01
5.920101750664082951e-01, -9.873730734766437145e-01
5.815902130982353313e-01, -9.876526630878824653e-01
5.711930409372258932e-01, -9.879462877413544009e-01
5.608181088504073930e-01, -9.882533336125424173e-01
5.504648671048086861e-01, -9.885731868769281894e-01
5.401327659674585169e-01, -9.889052337099940582e-01
5.298212557053850746e-01, -9.892488602872234749e-01
5.195297865856188801e-01, -9.896034527840977812e-01
5.092578088751877896e-01, -9.899683973760995404e-01
4.990047728411203254e-01, -9.903430802387109821e-01
4.887701287504458980e-01, -9.907268875474150027e-01
4.785533268701917531e-01, -9.911192054776934990e-01
4.683538174673890220e-01, -9.915194202050290340e-01
4.581710508090654499e-01, -9.919269179049037266e-01
4.480044771622497812e-01, -9.923410847528001399e-01
4.378535467939709824e-01, -9.927613069242006150e-01
4.277177099712566322e-01, -9.931869705945874927e-01
4.175964169611376953e-01, -9.936174619394430030e-01
4.074891180306420835e-01, -9.940521671342498200e-01
3.973952634467983192e-01, -9.944904723544900627e-01
3.873143034766354798e-01, -9.949317637756461830e-01
3.772456883871812550e-01, -9.953754275732006329e-01
3.671888684454663321e-01, -9.958208499226353094e-01
3.571432939185187339e-01, -9.962674169994328865e-01
3.471084150733672602e-01, -9.967145149790759273e-01
3.370836821770406000e-01, -9.971615300370464396e-01
3.270685454965664984e-01, -9.976078483488270976e-01
3.170624552989760869e-01, -9.980528560899000201e-01
3.070648618512967776e-01, -9.984959394357475482e-01
2.970752154205577589e-01, -9.989364845618524669e-01
2.870929662737874422e-01, -9.993738776436963400e-01
2.771175646780139057e-01, -9.998075048567622858e-01
2.671484609002681143e-01, -1.000236752376532534e+00
2.571851052075774247e-01, -1.000661006378488649e+00
2.472269478669710807e-01, -1.001079653038114303e+00
2.372734391454776881e-01, -1.001492078530890950e+00
2.273240293101248533e-01, -1.001897669032300930e+00
2.173781686279437908e-01, -1.002295810717827251e+00
2.074353073659621072e-01, -1.002685889762951588e+00
1.974948957912085745e-01, -1.003067292343156724e+00
1.875563841707110768e-01, -1.003439404633924559e+00
1.776192227715004124e-01, -1.003801612810737875e+00
1.676828618606043819e-01, -1.004153303049079016e+00
1.577467517050518409e-01, -1.004493861524430320e+00
1.478103425718715336e-01, -1.004822674412273908e+00
1.378730847280912053e-01, -1.005139127888092343e+00
1.279344284407418209e-01, -1.005442608127367965e+00
1.179938239768511393e-01, -1.005732501305582893e+00
1.080507216034480023e-01, -1.006008193598220135e+00
9.810457158756115403e-02, -1.006269071180761365e+00
8.815482419621829824e-02, -1.006514520228689147e+00
7.820092969645046910e-02, -1.006743926917485821e+00
6.824233835528539793e-02, -1.006956677422633728e+00
5.827850043975188465e-02, -1.007152157919615654e+00
4.830886621687870142e-02, -1.007329754583913495e+00
3.833288595369364893e-02, -1.007488853591009370e+00
2.835000991722759489e-02, -1.007628841116386287e+00
1.835968837450835389e-02, -1.007749103335526808e+00
8.361371592564753596e-03, -1.007849026423911942e+00
-1.645490161574419963e-03, -1.007927996557025363e+00
-1.166144662088158812e-02, -1.007985399910348967e+00
-2.168704751832552236e-02, -1.008020622659364873e+00
-3.172277282602512655e-02, -1.008033247220807560e+00
-4.176872029290174676e-02, -1.008023931227017389e+00
-5.182485743259190175e-02, -1.007993698669604754e+00
-6.189115164884440023e-02, -1.007943573849303665e+00
-7.196757034540454678e-02, -1.007874581066847242e+00
-8.205408092602128889e-02, -1.007787744622969495e+00
-9.215065079444215157e-02, -1.007684088818403767e+00
-1.022572473544148680e-01, -1.007564637953883846e+00
-1.123738380096881845e-01, -1.007430416330143519e+00
-1.225003901640075582e-01, -1.007282448247916573e+00
-1.326368712211216661e-01, -1.007121758007936130e+00
-1.427832485847784216e-01, -1.006949369910936198e+00
-1.529394896587252528e-01, -1.006766308257650566e+00
-1.631055618467110169e-01, -1.006573597348812799e+00
-1.732814325524811294e-01, -1.006372261485156461e+00
-1.834670691797843645e-01, -1.006163324967415118e+00
-1.936624391323684413e-01, -1.005947812096322558e+00
-2.038675098139809128e-01, -1.005726747172612345e+00
-2.140822486283706916e-01, -1.005501154497018268e+00
-2.243066229792831379e-01, -1.005272058370274113e+00
-2.345406002704670534e-01, -1.005040483093113446e+00
-2.447841479056701297e-01, -1.004807452966269388e+00
-2.550372332886398641e-01, -1.004573992290476392e+00
-2.652998238231252803e-01, -1.004341125366467580e+00
-2.755718869128715998e-01, -1.004109876494976739e+00
-2.858533899616277352e-01, -1.003881269976738100e+00
-2.961443003731412671e-01, -1.003656330112484563e+00
-3.064445855511599426e-01, -1.003436081202949914e+00
-3.167542128994325079e-01, -1.003221547548867942e+00
-3.270731498217043787e-01, -1.003013753450972434e+00
-3.374013637217241346e-01, -1.002813723209996510e+00
-3.477388220032399668e-01, -1.002622481126674847e+00
-3.580854920699991228e-01, -1.002441051501739899e+00
-3.684413413257503489e-01, -1.002270458635926342e+00
-3.788063371742392826e-01, -1.002111726829967298e+00
-3.891804470192146148e-01, -1.001965880384596552e+00
-3.995636382644240370e-01, -1.001833943600547672e+00
-4.099558783136161844e-01, -1.001716940778554221e+00
-4.203571345705366946e-01, -1.001615896219349988e+00
-4.307673744389342585e-01, -1.001531834223668982e+00
-4.411865653225565675e-01, -1.001465779092244324e+00
-4.516146746251512023e-01, -1.001418755125810023e+00
-4.620516697504671311e-01, -1.001391786625099645e+00
-4.724975181022495474e-01, -1.001385897890846755e+00
-4.829521870842472531e-01, -1.001402113223784918e+00
-4.934156441002081062e-01, -1.001441456924648143e+00
-5.038878565538795762e-01, -1.001504953294169553e+00
-5.143687918490107425e-01, -1.001593626633083600e+00
-5.248584173893465765e-01, -1.001708501242123184e+00
-5.353567005786362687e-01, -1.001850601422022313e+00
-5.458636088206271220e-01, -1.002020951473514554e+00
-5.563791095190671054e-01, -1.002220575697333471e+00
-5.669031700777049654e-01, -1.002450498394213074e+00
-5.774357579002860064e-01, -1.002711743864886929e+00
-5.879768403905588636e-01, -1.003005336410088155e+00
-5.985263849522716173e-01, -1.003332300330550986e+00
-6.090843589891715704e-01, -1.003693659927009207e+00
-6.196507299050078021e-01, -1.004090439500195941e+00
-6.302254651035255062e-01, -1.004523663350844975e+00
-6.408085319884732067e-01, -1.004994355779690096e+00
-6.513998644163798701e-01, -1.005503303732240727e+00
-6.619991279513751659e-01, -1.006049395916129408e+00
-6.726058594530049950e-01, -1.006630610420871985e+00
-6.832195949688198988e-01, -1.007244919590933430e+00
-6.938398705463743044e-01, -1.007890295770777156e+00
-7.044662222332207513e-01, -1.008564711304868133e+00
-7.150981860769125564e-01, -1.009266138537670443e+00
-7.257352981250032586e-01, -1.009992549813648388e+00
-7.363770944250441763e-01, -1.010741917477266716e+00
-7.470231110245888484e-01, -1.011512213872988841e+00
-7.576728839711903696e-01, -1.012301411345279734e+00
-7.683259493124019457e-01, -1.013107482238603696e+00
-7.789818430957772266e-01, -1.013928398897425032e+00
-7.896401013688668646e-01, -1.014762133666207600e+00
-8.003002601792253978e-01, -1.015606658889416591e+00
-8.109618555744052548e-01, -1.016459946911515200e+00
-8.216244236019596414e-01, -1.017319970076968616e+00
-8.322875003094424295e-01, -1.018184700730240699e+00
-8.429506217444046046e-01, -1.019052111215795975e+00
-8.536133239544001494e-01, -1.019920173878098524e+00
-8.642751429869817148e-01, -1.020786861061613093e+00
-8.749356148897023955e-01, -1.021650145110803987e+00
-8.855942757101163965e-01, -1.022507998370135063e+00
-8.962506614957741480e-01, -1.023358393184070847e+00
-9.069043082942298550e-01, -1.024199301897075420e+00
-9.175547521530362793e-01, -1.025028696853613308e+00
-9.282015291197467377e-01, -1.025844550398149257e+00
-9.388441752419151021e-01, -1.026644834875147128e+00
-9.494822265670916916e-01, -1.027427522629071222e+00
-9.601152191428310445e-01, -1.028190586004386065e+00
-9.707426890166860334e-01, -1.028931997345555738e+00
-9.813641722362091979e-01, -1.029649728997044322e+00
-9.919792048489548542e-01, -1.030341753303316787e+00
-1.002587322902473987e+00, -1.031006042608837214e+00
-1.013188062444320137e+00, -1.031640569258069462e+00
-1.023780959522046619e+00, -1.032243305595478500e+00
-1.034365550183205862e+00, -1.032812223965528187e+00
-1.044941370475352738e+00, -1.033345296712683270e+00
-1.055507956446037232e+00, -1.033840496181407165e+00
-1.066064844142813550e+00, -1.034295794716165062e+00
-1.076611569613235009e+00, -1.034709164661421488e+00
-1.087147668904854036e+00, -1.035078578361639856e+00
-1.097672678065224838e+00, -1.035402008161285137e+00
-1.108186133141898289e+00, -1.035677426404821189e+00
-1.118687570182428370e+00, -1.035902805436712981e+00
-1.129176525234367512e+00, -1.036076117601423929e+00
-1.139652534345270585e+00, -1.036195335243419002e+00
-1.150115133562687797e+00, -1.036258430707162503e+00
-1.160563858934173354e+00, -1.036263376337118292e+00
-1.170998246507280127e+00, -1.036208144477751336e+00
-1.181417832329560991e+00, -1.036090707473525274e+00
-1.191822152448569927e+00, -1.035909037668904853e+00
-1.202210742911858032e+00, -1.035661107408354153e+00
-1.212583139766979290e+00, -1.035344889036337923e+00
-1.222938879061485906e+00, -1.034958354897319577e+00
-1.233277496842931642e+00, -1.034499477335764528e+00
-1.243598529158870258e+00, -1.033966228696136413e+00
-1.253901512056852408e+00, -1.033356581322899759e+00
-1.264185981584432072e+00, -1.032668507560519089e+00
-1.274451473789162348e+00, -1.031899979753458041e+00
-1.284697524718596107e+00, -1.031048970246181584e+00
-1.294923670420287554e+00, -1.030113451383153578e+00
-1.305129446941786897e+00, -1.029091395508838547e+00
-1.315314390330648564e+00, -1.027980774967701016e+00
-1.325478036634425649e+00, -1.026779562104205290e+00
-1.335619921900670581e+00, -1.025485729262815005e+00
-1.345739582176938010e+00, -1.024097248787995129e+00
-1.355836553510778586e+00, -1.022612093024209967e+00
-1.365910371949745628e+00, -1.021028234315923822e+00
-1.375960573541392451e+00, -1.019343645007600330e+00
-1.385986694333272151e+00, -1.017556297443704683e+00
-1.395988270372938711e+00, -1.015664163968700517e+00
-1.405964837707943005e+00, -1.013665216927053025e+00
-1.415915932385838572e+00, -1.011557428663225622e+00
-1.425841090454178728e+00, -1.009338771521683054e+00
-1.435739847960516791e+00, -1.007007217846889624e+00
-1.445611740952405855e+00, -1.004560739983309414e+00
-1.455456305477397461e+00, -1.001997310275406949e+00
-1.465273077583045147e+00, -9.993149010676466437e-01
-1.475061593316902231e+00, -9.965114847044929114e-01
-1.484821388726521141e+00, -9.935850335304092784e-01
-1.494551986914012476e+00, -9.905335424653131104e-01
-1.504252285240097464e+00, -9.873560976543324097e-01
-1.513920289257102425e+00, -9.840533404598662548e-01
-1.523553936255480634e+00, -9.806260312856244221e-01
-1.533151163525686256e+00, -9.770749305353150227e-01
-1.542709908358173898e+00, -9.734007986126484990e-01
-1.552228108043395505e+00, -9.696043959213339614e-01
-1.561703699871805684e+00, -9.656864828650805199e-01
-1.571134621133858600e+00, -9.616478198475976180e-01
-1.580518809120007973e+00, -9.574891672725944769e-01
-1.589854201120709076e+00, -9.532112855437802068e-01
-1.599138734426412745e+00, -9.488149350648645841e-01
-1.608370346327574918e+00, -9.443008762395568301e-01
-1.617546974114648206e+00, -9.396698694715660549e-01
-1.626666555078087884e+00, -9.349226751646019240e-01
-1.635727026508347892e+00, -9.300600537223728814e-01
-1.644726325695879954e+00, -9.250827655485891476e-01
-1.653662389931139343e+00, -9.199915710469599439e-01
-1.662533156504580223e+00, -9.147872306211943805e-01
-1.671336562706655648e+00, -9.094705046750020117e-01
-1.680070545827820450e+00, -9.040421536120908375e-01
-1.688733043158527236e+00, -8.985029378361720775e-01
-1.697321991989230616e+00, -8.928536177509545091e-01
-1.705835329610383644e+00, -8.870949537601467982e-01
-1.714270993312442037e+00, -8.812277062674583883e-01
-1.722626920385857296e+00, -8.752526356765990556e-01
-1.730901048121084695e+00, -8.691705023912782435e-01
-1.739091313808577732e+00, -8.629820668152049512e-01
-1.747195654738789905e+00, -8.566880893520882889e-01
-1.755212008202176266e+00, -8.502893304056371448e-01
-1.763138311489188981e+00, -8.437865503795622946e-01
-1.770972501890282436e+00, -8.371805096775718491e-01
-1.778712516695911239e+00, -8.304719687033759179e-01
-1.786356293196528444e+00, -8.236616878606831671e-01
-1.793901768682588660e+00, -8.167504275532024849e-01
-1.801346880444544940e+00, -8.097389481846446468e-01
-1.808689565772851005e+00, -8.026280101587180971e-01
-1.815927761957961462e+00, -7.954183738791323899e-01
-1.823059406290329587e+00, -7.881107997495964135e-01
-1.830082436060410433e+00, -7.807060481738191671e-01
-1.836994788558655500e+00, -7.732048795555110932e-01
-1.843794401075520506e+00, -7.656080542983810799e-01
-1.850479210901458282e+00, -7.579163328061384597e-01
-1.857047155326923660e+00, -7.501304754824923426e-01
-1.863496171642370136e+00, -7.422512427311511729e-01
-1.869824197138251209e+00, -7.342793949558261701e-01
-1.876029169105020600e+00, -7.262156925602256674e-01
-1.882109024833132249e+00, -7.180608959480589970e-01
-1.888061701613040100e+00, -7.098157655230356022e-01
-1.893885136735199204e+00, -7.014810616888637052e-01
-1.899577267490061505e+00, -6.930575448492545254e-01
-1.905136031168081390e+00, -6.845459754079162851e-01
-1.910559365059713466e+00, -6.759471137685587605e-01
-1.915845206455410343e+00, -6.672617203348908399e-01
-1.920991492645627963e+00, -6.584905555106211894e-01
-1.925996161632009152e+00, -6.496343799438740740e-01
-1.930857821966289078e+00, -6.406941847290583691e-01
-1.935576998319005870e+00, -6.316716194683837937e-01
-1.940154555410399162e+00, -6.225684506280974029e-01
-1.944591357960708811e+00, -6.133864446744455856e-01
-1.948888270690172231e+00, -6.041273680736777285e-01
-1.953046158319028835e+00, -5.947929872920398875e-01
-1.957065885567518926e+00, -5.853850687957796728e-01
-1.960948317155881249e+00, -5.759053790511443616e-01
-1.964694317804354773e+00, -5.663556845243798987e-01
-1.968304752233177801e+00, -5.567377516817358929e-01
-1.971780485162590191e+00, -5.470533469894585110e-01
-1.975122381312831132e+00, -5.373042369137951413e-01
-1.978331305404139373e+00, -5.274921879209930609e-01
-1.981408122156754548e+00, -5.176189664772985477e-01
-1.984353696290915403e+00, -5.076863390489608774e-01
-1.987168892526861352e+00, -4.976960721022264944e-01
-1.989854575584830698e+00, -4.876499321033423984e-01
-1.992411610185063076e+00, -4.775496855185561440e-01
-1.994840861047797897e+00, -4.673970988141136207e-01
-1.997143192893273911e+00, -4.571939384562647146e-01
-1.999319470441730084e+00, -4.469419709112553707e-01
-2.001370558413405831e+00, -4.366429626453330326e-01
-2.003297321528540564e+00, -4.262986801247449220e-01
-2.005100624507372586e+00, -4.159108898157370948e-01
-2.006781332070141755e+00, -4.054813581845592707e-01
-2.008340308937086593e+00, -3.950118516974576166e-01
-2.009778419828446960e+00, -3.845041368206792987e-01
-2.011096529464460936e+00, -3.739599800204717051e-01
-2.012295502565367933e+00, -3.633811477630809472e-01
-2.013376203851408697e+00, -3.527694065147568003e-01
-2.014339498042819976e+00, -3.421265227417449872e-01
-2.015186249859841183e+00, -3.314542629102931737e-01
-2.015917324022713064e+00, -3.207543934866485813e-01
-2.016533585251673699e+00, -3.100286809370573771e-01
-2.017035898266962057e+00, -2.992788917277688920e-01
-2.017425127788817552e+00, -2.885067923250295707e-01
-2.017702138537479151e+00, -2.777141491950866903e-01
-2.017867795233185824e+00, -2.669027288041861956e-01
-2.017922962596177427e+00, -2.560742976185779174e-01
-2.017868505346692043e+00, -2.452306221045078560e-01
-2.017705288204968639e+00, -2.343734687282232887e-01
-2.017434175891248405e+00, -2.235046039559717423e-01
-2.017056033125768533e+00, -2.126257942539990509e-01
-2.016571724628767992e+00, -2.017388060885549617e-01
-2.015982115120486196e+00, -1.908454059258856417e-01
-2.015288069321163444e+00, -1.799473602322383126e-01
-2.014490451951037819e+00, -1.690464354738603348e-01
-2.013590127730348289e+00, -1.581443981169977919e-01
-2.012587961379334711e+00, -1.472430146279004315e-01
-2.011484817618235610e+00, -1.363440514728141151e-01
-2.010281561167289954e+00, -1.254492751179865084e-01
-2.008979056746736713e+00, -1.145604520296646112e-01
-2.007578169076815744e+00, -1.036793486740945625e-01
-2.006079762877766459e+00, -9.280773151752622074e-02
-2.004484702869826940e+00, -8.194736702620558644e-02
-2.002793853773236155e+00, -7.110002166637979792e-02
-2.001008080308234849e+00, -6.026746190429642380e-02
-1.999128247195059327e+00, -4.945145420620132570e-02
-1.997155219153951666e+00, -3.865376503834445920e-02
-1.995089860905149504e+00, -2.787616086697164430e-02
-1.992932992209805798e+00, -1.712033595954291082e-02
-1.990685130234558065e+00, -6.387498653776530443e-03
-1.988346667324165429e+00, 4.321343161260880576e-03
-1.985917995432291194e+00, 1.500518222455724839e-02
-1.983399506512593113e+00, 2.566301127510403970e-02
-1.980791592518733601e+00, 3.629382305189164659e-02
-1.978094645404372187e+00, 4.689661029391030411e-02
-1.975309057123170842e+00, 5.747036574015158827e-02
-1.972435219628788872e+00, 6.801408212960333155e-02
-1.969473524874888026e+00, 7.852675220125711342e-02
-1.966424364815128500e+00, 8.900736869410327823e-02
-1.963288131403170489e+00, 9.945492434713203156e-02
-1.960065216592675297e+00, 1.098684118993350084e-01
-1.956756012337303341e+00, 1.202468240896999579e-01
-1.953360910590715704e+00, 1.305891536572185707e-01
-1.949880303306572582e+00, 1.408943933408809968e-01
-1.946314582438534391e+00, 1.511615358796776776e-01
-1.942664139940261991e+00, 1.613895740125999845e-01
-1.938929367765416911e+00, 1.715775004786360136e-01
-1.935110657867658901e+00, 1.817243080167771918e-01
-1.931208402200648599e+00, 1.918289893660137801e-01
-1.927222992718046424e+00, 2.018905372653360675e-01
-1.923154821373513235e+00, 2.119079444537355916e-01
-1.919004280120710781e+00, 2.218802036702003933e-01
-1.914771760913299037e+00, 2.318063076537219269e-01
-1.910457655704937752e+00, 2.416852491432904260e-01
-1.906062356449288897e+00, 2.515160208778962625e-01
-1.901586255100011780e+00, 2.612976155965308078e-01
-1.897029743610767927e+00, 2.710290260381821859e-01
-1.892393213935218643e+00, 2.807092449418418512e-01
-1.887677058027023458e+00, 2.903372650464999816e-01
-1.882881667839843454e+00, 2.999120790911471435e-01
-1.878007435327339048e+00, 3.094326798147744584e-01
-1.873054752443170878e+00, 3.188980599563702167e-01
-1.868024011141001139e+00, 3.283072122549258176e-01
-1.862915603374488249e+00, 3.376591294494314943e-01
-1.857729921097293069e+00, 3.469528042788785904e-01
-1.852467356263077569e+00, 3.561872294822555074e-01
-1.847128300825502389e+00, 3.653613977985534778e-01
-1.841713146738227280e+00, 3.744743019667629014e-01
-1.836222285954913103e+00, 3.835249347258737340e-01
-1.830656110429220940e+00, 3.925122888148778744e-01
-1.825015012114810986e+00, 4.014353569727631688e-01
-1.819299382965343881e+00, 4.102931319385209608e-01
-1.813509614934480929e+00, 4.190846064511419278e-01
-1.807646099975881659e+00, 4.278087732496158591e-01
-1.801709230043208043e+00, 4.364646250729345422e-01
-1.795699397090119387e+00, 4.450511546600859347e-01
-1.789616993070277884e+00, 4.535673547500617131e-01
-1.783462409937343063e+00, 4.620122180818517776e-01
-1.777236039644976673e+00, 4.703847373944468613e-01
-1.770938274146836688e+00, 4.786839054268377525e-01
-1.764569505396587301e+00, 4.869087149180132412e-01
-1.758130125347886707e+00, 4.950581586069643936e-01
-1.751620525954397101e+00, 5.031312292326817204e-01
-1.745041099169778454e+00, 5.111269195341553440e-01
-1.738392236947690073e+00, 5.190442222503763858e-01
-1.731674331241794818e+00, 5.268821301203336915e-01
-1.724887774005752883e+00, 5.346396358830182161e-01
-1.718032957193224242e+00, 5.423157322774203593e-01
-1.711110272757870199e+00, 5.499094120425304100e-01
-1.704120112653350283e+00, 5.574196679173396562e-01
-1.697062868833326466e+00, 5.648454926408364996e-01
-1.689938933251458719e+00, 5.721858789520120059e-01
-1.682748697861408127e+00, 5.794398195898569082e-01
-1.675492554616834662e+00, 5.866063072933612732e-01
-1.668170895471399184e+00, 5.936843348015161670e-01
-1.660784112378762778e+00, 6.006728948533102130e-01
-1.653332597292586525e+00, 6.075709801877350325e-01
-1.645816742166529956e+00, 6.143775835437802479e-01
-1.638236938954254374e+00, 6.210916976604365924e-01
-1.630593579609419308e+00, 6.277123152766950209e-01
-1.622887056085687618e+00, 6.342384291315443789e-01
-1.615117760336718167e+00, 6.406690319639756215e-01
-1.607286084316172259e+00, 6.470031165129791484e-01
-1.599392419977710755e+00, 6.532396755175453595e-01
-1.591437159274993185e+00, 6.593777017166650989e-01
-1.583420694161681741e+00, 6.654161878493275450e-01
-1.575343416591436618e+00, 6.713541266545232089e-01
-1.567205718517918234e+00, 6.771905108712430454e-01
-1.559007991894787004e+00, 6.829243332384767884e-01
-1.550750628675703124e+00, 6.885545864952156148e-01
-1.542434020814328788e+00, 6.940802633804485922e-01
-1.534058560264323967e+00, 6.995003566331667866e-01
-1.525624638979349079e+00, 7.048138589923602648e-01
-1.517132648913064763e+00, 7.100197631970194267e-01
-1.508582982019130991e+00, 7.151170619861352273e-01
-1.499976030251210180e+00, 7.201047480986968452e-01
-1.491312185562962300e+00, 7.249818142736950133e-01
-1.482591839908047326e+00, 7.297472532501201314e-01
-1.473815385240126563e+00, 7.344000577669624885e-01
-1.464983213512859539e+00, 7.389392205632130395e-01
-1.456095716679908669e+00, 7.433637343778608519e-01
-1.447153286694933927e+00, 7.476725919498969919e-01
-1.438156315511595729e+00, 7.518647860183116372e-01
-1.429105195083555380e+00, 7.559393093220951876e-01
-1.420000317364471298e+00, 7.598951546002381541e-01
-1.410842074308006566e+00, 7.637313145917298263e-01
-1.401630857867821600e+00, 7.674467820355617143e-01
-1.392367059997576595e+00, 7.710405496707235518e-01
-1.383051072650932189e+00, 7.745116102362057386e-01
-1.373683287781547691e+00, 7.778589564709991189e-01
-1.364264097343086179e+00, 7.810815811140927600e-01
-1.354793893289207407e+00, 7.841784769044779502e-01
-1.345273067573571568e+00, 7.871486365811447561e-01
-1.335702012149839080e+00, 7.899910528830839107e-01
-1.326081118971671913e+00, 7.927047185492850367e-01
-1.316410779992729818e+00, 7.952886263187386451e-01
-1.306691387166673213e+00, 7.977417689304349135e-01
-1.296923332447164068e+00, 8.000631391233647971e-01
-1.287107007787860358e+00, 8.022517296365179185e-01
-1.277242805142425830e+00, 8.043065332088850106e-01
-1.267331116464519791e+00, 8.062265425794560292e-01
-1.257372333707802659e+00, 8.080107504872214852e-01
-1.247366861486500111e+00, 8.096581984933923781e-01
-1.237315638535855244e+00, 8.111699878599329949e-01
-1.227220322721863877e+00, 8.125499929921424780e-01
-1.217082622602135844e+00, 8.138022837745432225e-01
-1.206904246734281427e+00, 8.149309300916565135e-01
-1.196686903675910907e+00, 8.159400018280043021e-01
-1.186432301984634119e+00, 8.168335688681082063e-01
-1.176142150218062898e+00, 8.176157010964895111e-01
-1.165818156933807526e+00, 8.182904683976706117e-01
-1.155462030689477615e+00, 8.188619406561724601e-01
-1.145075480042684779e+00, 8.193341877565175624e-01
-1.134660213551037522e+00, 8.197112795832272036e-01
-1.124217939772148789e+00, 8.199972860208228909e-01
-1.113750367263627972e+00, 8.201962769538267972e-01
-1.103259204583085573e+00, 8.203123222667602077e-01
-1.092746160288131874e+00, 8.203494918441448513e-01
-1.082212942936376043e+00, 8.203118555705023462e-01
-1.071661261085431693e+00, 8.202034833303548655e-01
-1.061092823292907106e+00, 8.200284450082238052e-01
-1.050509338116413671e+00, 8.197908104886306724e-01
-1.039912514113561226e+00, 8.194946496560974181e-01
-1.029304059841959385e+00, 8.191440323951454383e-01
-1.018685683859221092e+00, 8.187430285902971283e-01
-1.008059094722955296e+00, 8.182957081260733290e-01
-9.974260009907726099e-01, 8.178061408869963245e-01
-9.867881112202833149e-01, 8.172783967575872888e-01
-9.761471339690972471e-01, 8.167165456223685061e-01
-9.655047777948270182e-01, 8.161246573658614833e-01
-9.548627512550814656e-01, 8.155068018725876167e-01
-9.442227629074717576e-01, 8.148670490270688571e-01
-9.335865213096079529e-01, 8.142094687138270448e-01
-9.229557350190993326e-01, 8.135381308173832426e-01
-9.123321125935588416e-01, 8.128571052222597348e-01
-9.017173625905959833e-01, 8.121704618129782505e-01
-8.911131935678209270e-01, 8.114822704740602966e-01
-8.805213140828440643e-01, 8.107966010900273801e-01
-8.699434326932753425e-01, 8.101175235454014523e-01
-8.593812579567269294e-01, 8.094491077247042421e-01
-8.488364984308083283e-01, 8.087954235124572566e-01
-8.383108626731299307e-01, 8.081605407931823359e-01
-8.278060592413025720e-01, 8.075485294514008761e-01
-8.173237966929352005e-01, 8.069634593716351612e-01
-8.068657835856408722e-01, 8.064094004384065872e-01
-7.964337284770284242e-01, 8.058904225362364393e-01
-7.860293399247089141e-01, 8.054105955496471125e-01
-7.756543264862924003e-01, 8.049739893631595589e-01
-7.653103967193888302e-01, 8.045846738612962845e-01
-7.549992591816101495e-01, 8.042467189285782414e-01
-7.447226224305660836e-01, 8.039641944495277137e-01
-7.344821950238673569e-01, 8.037411703086662085e-01
-7.242796855191229177e-01, 8.035817163905152327e-01
-7.141168024739455999e-01, 8.034899025795964045e-01
-7.039952544459451289e-01, 8.034697987604321190e-01
-6.939167499927312299e-01, 8.035254748175431061e-01
-6.838829976719150716e-01, 8.036610006354517610e-01
-6.738957060411054911e-01, 8.038804460986792577e-01
-6.639565836579159885e-01, 8.041878810917482134e-01
-6.540673390799548459e-01, 8.045873754991790250e-01
