-6.900631694617525014e-01, -2.999829099535949339e+00
-6.920150877234250153e-01, -3.017217806813844660e+00
-6.933355790961723830e-01, -3.034561234063369639e+00
-6.940346068099616517e-01, -3.051854799443011856e+00
-6.941221340947607565e-01, -3.069093921111260670e+00
-6.936081241805363007e-01, -3.086274017226600996e+00
-6.925025402972561084e-01, -3.103390505947523081e+00
-6.908153456748875598e-01, -3.120438805432514950e+00
-6.885565035433974801e-01, -3.137414333840060632e+00
-6.857359771327535825e-01, -3.154312509328650815e+00
-6.823637296729235802e-01, -3.171128750056773971e+00
-6.784497243938740763e-01, -3.187858474182916346e+00
-6.740039245255728950e-01, -3.204497099865565080e+00
-6.690362932979875277e-01, -3.221040045263210416e+00
-6.635567939410851324e-01, -3.237482728534337717e+00
-6.575753896848328672e-01, -3.253820567837436339e+00
-6.511020437591981125e-01, -3.270048981330992977e+00
-6.441467193941482483e-01, -3.286163387173494321e+00
-6.367193798196512100e-01, -3.302159203523431952e+00
-6.288299882656734896e-01, -3.318031848539289896e+00
-6.204885079621829114e-01, -3.333776740379557957e+00
-6.117049021391465224e-01, -3.349389297202721494e+00
-6.024891340265319251e-01, -3.364864937167271641e+00
-5.928511668543063884e-01, -3.380199078431693760e+00
-5.828009638524376257e-01, -3.395387139154477651e+00
-5.723484882508925731e-01, -3.410424537494108677e+00
-5.615037032796382777e-01, -3.425306691609075305e+00
-5.502765721686425637e-01, -3.440029019657866005e+00
-5.386770581478727005e-01, -3.454586939798968803e+00
-5.267151244472960681e-01, -3.468975870190869504e+00
-5.144007342968799357e-01, -3.483191228992058353e+00
-5.017438509265919055e-01, -3.497228434361021598e+00
-4.887544375663988028e-01, -3.511082904456247267e+00
-4.754424574462681741e-01, -3.524750057436222050e+00
-4.618178737961677882e-01, -3.538225311459436639e+00
-4.478906498460646368e-01, -3.551504084684377283e+00
-4.336707488259260446e-01, -3.564581795269531117e+00
-4.191681339657195027e-01, -3.577453861373385724e+00
-4.043927684954120028e-01, -3.590115701154429573e+00
-3.893546156449712581e-01, -3.602562732771149800e+00
-3.740636386443647043e-01, -3.614790374382034877e+00
-3.585298007235594997e-01, -3.626794044145572826e+00
-3.427630651125229688e-01, -3.638569160220249454e+00
-3.267733950412224364e-01, -3.650111140764555007e+00
-3.105707537396255602e-01, -3.661415403936976620e+00
-2.941651044376992208e-01, -3.672477367896000988e+00
-2.775664103654109094e-01, -3.683292450800116136e+00
-2.607846347527283393e-01, -3.693856070807812308e+00
-2.438297408296184188e-01, -3.704163646077571759e+00
-2.267116918260487224e-01, -3.714210594767887841e+00
-2.094404509719866581e-01, -3.723992335037245471e+00
-1.920259814973991341e-01, -3.733504285044132676e+00
-1.744782466322541137e-01, -3.742741862947038367e+00
-1.568072096065185606e-01, -3.751700486904450127e+00
-1.390228336501598827e-01, -3.760375575074853760e+00
-1.211350819931456269e-01, -3.768762545616739068e+00
-1.031539178654427985e-01, -3.776856816688592744e+00
-8.508930449701906928e-02, -3.784653806448902369e+00
-6.695120511784166673e-02, -3.792148933056157745e+00
-4.874958295787774898e-02, -3.799337614668843788e+00
-3.049440124709498767e-02, -3.806215269445449412e+00
-1.219562321546065198e-02, -3.812777315544463530e+00
6.136787907058183222e-03, -3.819019171124372836e+00
2.449286889049367977e-02, -3.824936254343664466e+00
4.286265650487902645e-02, -3.830523983360826890e+00
6.123618752024659329e-02, -3.835777776334348577e+00
7.960349870662879190e-02, -3.840693051422715776e+00
9.795462683405874171e-02, -3.845265226784417401e+00
1.162796086725687295e-01, -3.849489720577940588e+00
1.345684809921917635e-01, -3.853361950961773807e+00
1.528112805629602833e-01, -3.856877336094404640e+00
1.709980441549068253e-01, -3.860031294134320667e+00
1.891188085380642037e-01, -3.862819243240008582e+00
2.071636104824651214e-01, -3.865236601569958630e+00
2.251224867581418931e-01, -3.867278787282655728e+00
2.429854741351276659e-01, -3.868941218536589233e+00
2.607426093834547265e-01, -3.870219313490246726e+00
2.783839292731556947e-01, -3.871108490302115790e+00
2.958994705742635234e-01, -3.871604167130684004e+00
3.132792700568104438e-01, -3.871701762134438951e+00
3.305133644908296864e-01, -3.871396693471869987e+00
3.475917906463535378e-01, -3.870684379301463363e+00
3.645045852934143960e-01, -3.869560237781707102e+00
3.812417852020454356e-01, -3.868019687071088786e+00
3.977934271422789991e-01, -3.866058145328096884e+00
4.141495478841480948e-01, -3.863671030711218535e+00
4.303001841976846764e-01, -3.860853761378940874e+00
4.462353728529220298e-01, -3.857601755489754147e+00
4.619451506198924973e-01, -3.853910431202143272e+00
4.774195542686289206e-01, -3.849775206674597161e+00
4.926486205691635312e-01, -3.845191500065602952e+00
5.076223862915296703e-01, -3.840154729533650890e+00
5.223308882057595692e-01, -3.834660313237224560e+00
5.367641630818855703e-01, -3.828703669334815984e+00
5.509122476899411813e-01, -3.822280215984910079e+00
5.647651787999580231e-01, -3.815385371345995758e+00
5.783131128278038435e-01, -3.808014662840337738e+00
5.915527389118411250e-01, -3.800169583747237567e+00
6.044905169452612359e-01, -3.791860550260822915e+00
6.171337071557314591e-01, -3.783098709462084042e+00
6.294895697709188553e-01, -3.773895208432014758e+00
6.415653650184912626e-01, -3.764261194251605325e+00
6.533683531261158528e-01, -3.754207814001849552e+00
6.649057943214595756e-01, -3.743746214763739033e+00
6.761849488321906021e-01, -3.732887543618265802e+00
6.872130768859757710e-01, -3.721642947646421895e+00
6.979974387104823652e-01, -3.710023573929199348e+00
7.085452945333781116e-01, -3.698040569547590639e+00
7.188639045823301821e-01, -3.685705081582587361e+00
7.289605290850056374e-01, -3.673028257115182438e+00
7.388424282690727596e-01, -3.660021243226368348e+00
7.485168623621980544e-01, -3.646695186997136240e+00
7.579910915920494707e-01, -3.633061235508479037e+00
7.672723761862937364e-01, -3.619130535841386109e+00
7.763679763725986893e-01, -3.604914235076853934e+00
7.852851523786317234e-01, -3.590423480295871439e+00
7.940311644320597884e-01, -3.575669418579431991e+00
8.026132727605508332e-01, -3.560663197008528513e+00
8.110387375917718078e-01, -3.545415962664150822e+00
8.193148191533904390e-01, -3.529938862627293616e+00
8.274487776730735655e-01, -3.514243043978946712e+00
8.354478733784889144e-01, -3.498339653800103921e+00
8.433193664973039905e-01, -3.482239839171757279e+00
8.510705172571859656e-01, -3.465954747174898820e+00
8.587085858858022336e-01, -3.449495524890519693e+00
8.662408326108200773e-01, -3.432873319399612377e+00
8.736745176599067797e-01, -3.416099277783169796e+00
8.810169012607302896e-01, -3.399184547122183542e+00
8.882752436409570018e-01, -3.382140274497644761e+00
8.954568050282555314e-01, -3.364977606990548598e+00
9.025688456502922730e-01, -3.347707691681883979e+00
9.096186257347347315e-01, -3.330341675652645606e+00
9.166134055092507449e-01, -3.312890705983822404e+00
9.235604452015071519e-01, -3.295365929756409074e+00
9.304670050391716796e-01, -3.277778494051397207e+00
9.373403452499114996e-01, -3.260139545949778839e+00
9.441877260613943390e-01, -3.242460232532547337e+00
9.510164077012867034e-01, -3.224751700880691629e+00
9.578336503972568750e-01, -3.207025098075206415e+00
9.646467143769719144e-01, -3.189291571197083286e+00
9.714628598680989935e-01, -3.171562267327313833e+00
9.782893470983060613e-01, -3.153848333546891425e+00
9.851334362952597345e-01, -3.136160916936806764e+00
9.920023876866279622e-01, -3.118511164578052774e+00
9.989034615000778050e-01, -3.100910223551621492e+00
1.005843917963276990e+00, -3.083369240938505840e+00
1.012831256980167183e+00, -3.065899487658301670e+00
1.019878952180365728e+00, -3.048515321201699102e+00
1.027006718945506325e+00, -3.031234324117308532e+00
1.034234565971138498e+00, -3.014074230506439633e+00
1.041582501952811990e+00, -2.997052774470405634e+00
1.049070535586075659e+00, -2.980187690110513987e+00
1.056718675566480137e+00, -2.963496711528078809e+00
1.064546930589574059e+00, -2.946997572824410216e+00
1.072575309350907835e+00, -2.930708008100816997e+00
1.080823820546030767e+00, -2.914645751458611933e+00
1.089312472870492599e+00, -2.898828536999106475e+00
1.098061275019843075e+00, -2.883274098823609854e+00
1.107090235689631053e+00, -2.868000171033434853e+00
1.116419363575407386e+00, -2.853024487729889369e+00
1.126068667372720489e+00, -2.838364783014287518e+00
1.136058155777121215e+00, -2.824038790987938530e+00
1.146407837484157977e+00, -2.810064245752152523e+00
1.157137721189380741e+00, -2.796458881408242281e+00
1.168267815588339475e+00, -2.783240432057517477e+00
1.179818129376583924e+00, -2.770426631801289119e+00
1.191808671249663387e+00, -2.758035214740867769e+00
1.204259449900294321e+00, -2.746083914976416906e+00
1.217183503992945504e+00, -2.734587640631046757e+00
1.230566609325525862e+00, -2.723550246180370671e+00
1.244387876889534006e+00, -2.712972883874236185e+00
1.258626417676467879e+00, -2.702856705962484618e+00
1.273261342677826091e+00, -2.693202864694960397e+00
1.288271762885107474e+00, -2.684012512321506172e+00
1.303636789289809750e+00, -2.675286801091965483e+00
1.319335532883432860e+00, -2.667026883256182757e+00
1.335347104657474082e+00, -2.659233911064000200e+00
1.351650615603433359e+00, -2.651909036765263128e+00
1.368225176712807745e+00, -2.645053412609812415e+00
1.385049898977096072e+00, -2.638668190847494266e+00
1.402103893387797617e+00, -2.632754523728149998e+00
1.419366270936410990e+00, -2.627313563501624483e+00
1.436816142614434133e+00, -2.622346462417759927e+00
1.454432619413365657e+00, -2.617854372726401202e+00
1.472194812324704616e+00, -2.613838446677391403e+00
1.490081832339948509e+00, -2.610299836520573624e+00
1.508072790450597056e+00, -2.607239694505791405e+00
1.526146797648148867e+00, -2.604659172882889173e+00
1.544282964924101664e+00, -2.602559423901708691e+00
1.562460403269954501e+00, -2.600941599812094829e+00
1.580658223677204877e+00, -2.599806852863890683e+00
1.598855537137352956e+00, -2.599156335306939347e+00
1.617031454641896238e+00, -2.598991199391084361e+00
1.635165087182333998e+00, -2.599312597366170596e+00
1.653235545750163960e+00, -2.600121681482039371e+00
1.671221941336884731e+00, -2.601419603988535112e+00
1.689103384933996033e+00, -2.603207517135501803e+00
1.706858987532995364e+00, -2.605486573172781650e+00
1.724467860125381780e+00, -2.608257924350220414e+00
1.741909113702653000e+00, -2.611522722917659856e+00
1.759161859256308746e+00, -2.615282121124943959e+00
1.776205207777846518e+00, -2.619537271221915375e+00
1.793018270258765812e+00, -2.624289325458418531e+00
1.809580157690564128e+00, -2.629539436084296522e+00
1.825869981064741188e+00, -2.635288755349392886e+00
1.841866851372794933e+00, -2.641538435503552051e+00
1.857549879606223753e+00, -2.648289628796616224e+00
1.872898176756526034e+00, -2.655543487478428943e+00
1.887890853815201719e+00, -2.663301163798834637e+00
1.902507021773747642e+00, -2.671563810007675066e+00
1.916725795902788132e+00, -2.680332575926207994e+00
1.930531569244843482e+00, -2.689605616010938949e+00
1.943924293033338468e+00, -2.699372254769415669e+00
1.956906771235931375e+00, -2.709620197658616281e+00
1.969481807820285146e+00, -2.720337150135526905e+00
1.981652206754059398e+00, -2.731510817657125223e+00
1.993420772004914188e+00, -2.743128905680395579e+00
2.004790307540510685e+00, -2.755179119662317877e+00
2.015763617328508950e+00, -2.767649165059874683e+00
2.026343505336569706e+00, -2.780526747330047233e+00
2.036532775532353234e+00, -2.793799571929817205e+00
2.046334231883520705e+00, -2.807455344316166723e+00
2.055750678357732397e+00, -2.821481769946076579e+00
2.064784918922648593e+00, -2.835866554276528895e+00
2.073439757545930462e+00, -2.850597402764506683e+00
2.081717998195237396e+00, -2.865662020866989401e+00
2.089622444838230120e+00, -2.881048114040958286e+00
2.097155901442571579e+00, -2.896743387743397680e+00
2.104321171975918947e+00, -2.912735547431287486e+00
2.111121060405935612e+00, -2.929012298561609828e+00
2.117558370700279191e+00, -2.945561346591346386e+00
2.123635906826613073e+00, -2.962370396977478837e+00
2.129356472752596208e+00, -2.979427155176987085e+00
2.134722872445889319e+00, -2.996719326646855919e+00
2.139737909874153576e+00, -3.014234616844065240e+00
2.144404389005048372e+00, -3.031960731225596284e+00
2.148725113806235765e+00, -3.049885375248432062e+00
2.152702888245374258e+00, -3.067996254369552034e+00
2.156340516290126796e+00, -3.086281074045939654e+00
2.159640801908152774e+00, -3.104727539734577491e+00
2.162606549067112471e+00, -3.123323356892445446e+00
2.165240561734666613e+00, -3.142056230976525200e+00
2.167545643878475925e+00, -3.160913867443798431e+00
2.169524599466201575e+00, -3.179883971751248151e+00
2.171180232465502513e+00, -3.198954249355854262e+00
2.172515346844039463e+00, -3.218112405714598445e+00
2.173532746569474927e+00, -3.237346146284465043e+00
2.174235235609468297e+00, -3.256643176522433070e+00
2.174625617931679411e+00, -3.275991201885484649e+00
2.174706697503769437e+00, -3.295377927830601017e+00
2.174481278293399100e+00, -3.314791059814766072e+00
2.173952164268229126e+00, -3.334218303294958385e+00
2.173122382076872139e+00, -3.353647380228497177e+00
2.172006231519480579e+00, -3.373066847896943887e+00
2.170634380665410035e+00, -3.392466476446950541e+00
2.169038783922687674e+00, -3.411836131341013267e+00
2.167251395699339778e+00, -3.431165678041620204e+00
2.165304170403392181e+00, -3.450444982011264372e+00
2.163229062442872053e+00, -3.469663908712442790e+00
2.161058026225805229e+00, -3.488812323607642707e+00
2.158823016160218433e+00, -3.507880092159359364e+00
2.156555986654138835e+00, -3.526857079830084452e+00
2.154288892115590937e+00, -3.545733152082307882e+00
2.152053686952601907e+00, -3.564498174378527118e+00
2.149882325573198916e+00, -3.583142012181230740e+00
2.147806762385407797e+00, -3.601654530952913102e+00
2.145858951797255720e+00, -3.620025596156064118e+00
2.144070848216767189e+00, -3.638245073253178585e+00
2.142474406051971147e+00, -3.656302827706749525e+00
2.141101579710892100e+00, -3.674188724979265963e+00
2.139984323601556770e+00, -3.691892630533223141e+00
2.139154592131991883e+00, -3.709404409831112304e+00
2.138644339710223718e+00, -3.726713928335426473e+00
2.138485520744279000e+00, -3.743811051508658672e+00
2.138710089642183121e+00, -3.760685644813297923e+00
2.139350000811964581e+00, -3.777327573711842135e+00
2.140437208661647439e+00, -3.793726703666778555e+00
2.142003667599259309e+00, -3.809872900140602425e+00
2.144081332032826470e+00, -3.825756028595805436e+00
2.146702156370375203e+00, -3.841365954494879720e+00
2.149898095019931343e+00, -3.856692543300317855e+00
2.153701102389522948e+00, -3.871725660474612862e+00
2.158143132887174964e+00, -3.886455171480257320e+00
2.163256140920913673e+00, -3.900870941779740697e+00
2.169072080898766686e+00, -3.914962836835559123e+00
2.175616809902427118e+00, -3.928720891875038923e+00
2.182879674938303705e+00, -3.942136158657441047e+00
2.190836493938313367e+00, -3.955200065625340322e+00
2.199463062753872045e+00, -3.967904041836091800e+00
2.208735177236397007e+00, -3.980239516347046536e+00
2.218628633237302861e+00, -3.992197918215560026e+00
2.229119226608006876e+00, -4.003770676498984216e+00
2.240182753199924548e+00, -4.014949220254671047e+00
2.251795008864471370e+00, -4.025724978539977350e+00
2.263931789453064614e+00, -4.036089380412252403e+00
2.276568890817121105e+00, -4.046033854928849927e+00
2.289682108808054561e+00, -4.055549831147124529e+00
2.303247239277282254e+00, -4.064628738124428153e+00
2.317240078076220566e+00, -4.073262004918113632e+00
2.331636421056284991e+00, -4.081441060585535574e+00
2.346412064068893688e+00, -4.089157334184046810e+00
2.361542802965458598e+00, -4.096402254770999285e+00
2.377004433597400102e+00, -4.103167251403744942e+00
2.392772751816132359e+00, -4.109443753139640165e+00
2.408823553473072199e+00, -4.115223189036036899e+00
2.425132634419634226e+00, -4.120496988150287976e+00
2.441675790507234822e+00, -4.125256579539745339e+00
2.458428817587292148e+00, -4.129493392261763596e+00
2.475367511511220364e+00, -4.133198855373694691e+00
2.492467668130437186e+00, -4.136364397932894121e+00
2.509705083296356776e+00, -4.138981448996712054e+00
2.527055552860395959e+00, -4.141041437622503096e+00
2.544494872673972452e+00, -4.142535792867620970e+00
2.561998838588499527e+00, -4.143455943789415841e+00
2.579543246455394900e+00, -4.143793319445243206e+00
2.597103892126074953e+00, -4.143539348892457674e+00
2.614656571451954736e+00, -4.142685461188408524e+00
2.632178473695760079e+00, -4.141224949841536329e+00
2.649656582409439576e+00, -4.139164213588478525e+00
2.667082081271681115e+00, -4.136515271136664396e+00
2.684446170031227652e+00, -4.133290162696026115e+00
2.701740048436824804e+00, -4.129500928476502963e+00
2.718954916237216857e+00, -4.125159608688024448e+00
2.736081973181145433e+00, -4.120278243540529850e+00
2.753112419017357926e+00, -4.114868873243951342e+00
2.770037453494595070e+00, -4.108943538008222873e+00
2.786848276361602927e+00, -4.102514278043280171e+00
2.803536087367125340e+00, -4.095593133559058074e+00
2.820092086259905706e+00, -4.088192144765491420e+00
2.836507472788688311e+00, -4.080323351872512383e+00
2.852773446702216997e+00, -4.071998795090058465e+00
2.868881207749236495e+00, -4.063230514628063617e+00
2.884821955678490202e+00, -4.054030550696461788e+00
2.900586890238721960e+00, -4.044410943505188705e+00
2.916167211178676499e+00, -4.034383733264176541e+00
2.931554118247097662e+00, -4.023960960183362801e+00
2.946738811192728402e+00, -4.013154664472680544e+00
2.961712489764314338e+00, -4.001976886342064610e+00
2.976466353710599311e+00, -3.990439666001451169e+00
2.990991602780326719e+00, -3.978555043660771062e+00
3.005279436722239961e+00, -3.966335059529962681e+00
3.019321055285084654e+00, -3.953791753818957311e+00
3.033107658217603309e+00, -3.940937166737693786e+00
3.046630445268540655e+00, -3.927783338496103838e+00
3.059880616186642310e+00, -3.914342309304122747e+00
3.072849370720648565e+00, -3.900626119371684020e+00
3.085527908619306814e+00, -3.886646808908722939e+00
3.097907429631359566e+00, -3.872416418125176119e+00
3.109979133505551108e+00, -3.857946987230975733e+00
3.121734219990625725e+00, -3.843250556436057064e+00
3.133163888835326816e+00, -3.828339165950354506e+00
3.144259339788399554e+00, -3.813224855983803785e+00
3.155011772598586450e+00, -3.797919666746338851e+00
3.165412992666138070e+00, -3.782435218924659281e+00
3.175460258154509052e+00, -3.766779356180489202e+00
3.185153713592631775e+00, -3.750957922845293169e+00
3.194493529817385546e+00, -3.734976745027521527e+00
3.203479877665644349e+00, -3.718841648835627289e+00
3.212112927974287935e+00, -3.702558460378059024e+00
3.220392851580196059e+00, -3.686133005763271520e+00
3.228319819320244033e+00, -3.669571111099717342e+00
3.235894002031308059e+00, -3.652878602495843730e+00
3.243115570550267890e+00, -3.636061306060105913e+00
3.249984695713999727e+00, -3.619125047900954240e+00
3.256501548359381992e+00, -3.602075654126838611e+00
3.262666299323292218e+00, -3.584918950846213814e+00
3.268479119442607495e+00, -3.567660764167529308e+00
3.273940179554204910e+00, -3.550306920199238103e+00
3.279049650494962886e+00, -3.532863245049790102e+00
3.283807703101759845e+00, -3.515335564827639647e+00
3.288214508211470655e+00, -3.497729705641235309e+00
3.292270236660974181e+00, -3.480051493599029211e+00
3.295975059287148845e+00, -3.462306754809475251e+00
3.299329146926871736e+00, -3.444501315381022000e+00
3.302332670417020832e+00, -3.426641001422124244e+00
3.304985800594472334e+00, -3.408731639041231887e+00
3.307288708296104662e+00, -3.390779054346796162e+00
3.309241564358794907e+00, -3.372789073447269192e+00
3.310844539619421489e+00, -3.354767522451101769e+00
3.312097804914861054e+00, -3.336720227466747790e+00
3.313001531081990692e+00, -3.318653014602656270e+00
3.313555888957690598e+00, -3.300571709967280221e+00
3.313761049378834311e+00, -3.282482139669071319e+00
3.313617183182302472e+00, -3.264390129816479025e+00
3.313124461204971283e+00, -3.246301506517958568e+00
3.312283054283718720e+00, -3.228222095881958520e+00
3.311093133255423204e+00, -3.210157724016931891e+00
3.309554868956960938e+00, -3.192114217031331247e+00
3.307668432225210342e+00, -3.174097401033606047e+00
3.305433993897048062e+00, -3.156113102132209303e+00
3.302851724809352518e+00, -3.138167146435593580e+00
3.299921795798999913e+00, -3.120265360052206116e+00
3.296644377702869555e+00, -3.102413569090502587e+00
3.293019641357836758e+00, -3.084617599658932896e+00
3.289047757600782163e+00, -3.066883277865951829e+00
3.284728897268581083e+00, -3.049216429820007068e+00
3.280063231198111495e+00, -3.031622881629551181e+00
3.275050930226252266e+00, -3.014108459403037177e+00
3.269692165189877819e+00, -2.996678989248914515e+00
3.263987106925868353e+00, -2.979340297275636207e+00
3.257935926271101401e+00, -2.962098209591655262e+00
3.251538794062452276e+00, -2.944958552305418920e+00
3.244795881136800730e+00, -2.927927151525383298e+00
3.237707358331023855e+00, -2.911009833359998300e+00
3.230273396481999182e+00, -2.894212423917715160e+00
3.222494166426603357e+00, -2.877540749306985113e+00
3.214369839001715246e+00, -2.861000635636262501e+00
3.205900621459905064e+00, -2.844597870705334763e+00
3.197089385389272120e+00, -2.828335439480552882e+00
3.187943434236448326e+00, -2.812211664692144453e+00
3.178470490322804043e+00, -2.796224428421595132e+00
3.168678275969704305e+00, -2.780371612750387911e+00
3.158574513498517256e+00, -2.764651099760006225e+00
3.148166925230610591e+00, -2.749060771531933067e+00
3.137463233487349790e+00, -2.733598510147653204e+00
3.126471160590102993e+00, -2.718262197688649184e+00
3.115198428860238344e+00, -2.703049716236405331e+00
3.103652760619121764e+00, -2.687958947872405080e+00
3.091841878188120507e+00, -2.672987774678131867e+00
3.079773503888602715e+00, -2.658134078735069572e+00
3.067455360041933865e+00, -2.643395742124700742e+00
3.054895168969483876e+00, -2.628770646928511479e+00
3.042100652992618226e+00, -2.614256675227983440e+00
3.029079534432702392e+00, -2.599851709104600062e+00
3.015839535611106736e+00, -2.585553630639845668e+00
3.002388378849196293e+00, -2.571360321915203251e+00
2.988733786468339648e+00, -2.557269665012157134e+00
2.974883480789903611e+00, -2.543279542012192085e+00
2.960845184135254993e+00, -2.529387834996788875e+00
2.946626618825761046e+00, -2.515592426047433161e+00
2.932235507182788581e+00, -2.501891197245607490e+00
2.917679571527707072e+00, -2.488282030672797074e+00
2.902966534181880665e+00, -2.474762808410484460e+00
2.888104117466678389e+00, -2.461331412540152197e+00
2.873100043703467499e+00, -2.447985725143285496e+00
2.857962035213613916e+00, -2.434723628301367349e+00
2.842697814318484451e+00, -2.421543004095881635e+00
2.827315103339448576e+00, -2.408441734608310902e+00
2.811821624597873104e+00, -2.395417701920140807e+00
2.796225100415123510e+00, -2.382468788112853453e+00
2.780533253112567493e+00, -2.369592875267932275e+00
2.764753805011573196e+00, -2.356787845466862041e+00
2.748894478433507871e+00, -2.344051580791125744e+00
2.732962995699737441e+00, -2.331381963322206374e+00
2.716967079131630936e+00, -2.318776875141589588e+00
2.700914451050552945e+00, -2.306234198330755714e+00
2.684812833777873387e+00, -2.293751814971191294e+00
2.668669949634956406e+00, -2.281327607144378433e+00
2.652493520943172367e+00, -2.268959456931801455e+00
2.636291270023887634e+00, -2.256645246414944683e+00
2.620070919198467241e+00, -2.244382857675288889e+00
2.603840190788281550e+00, -2.232170172794321061e+00
2.587606807114695151e+00, -2.220005073853521971e+00
2.571378490499077074e+00, -2.207885442934377718e+00
2.555162963262795017e+00, -2.195809162118371294e+00
2.538967947727212682e+00, -2.183774113486984358e+00
2.522801166213700430e+00, -2.171778179121703012e+00
2.506670341043624184e+00, -2.159819241104008913e+00
2.490583194538352085e+00, -2.147895181515387719e+00
2.474547449019251388e+00, -2.136003882437321533e+00
2.458570826807686682e+00, -2.124143225951293790e+00
2.442661050225028774e+00, -2.112311094138788814e+00
2.426825841592642252e+00, -2.100505369081290041e+00
2.411072923231896148e+00, -2.088723932860281796e+00
2.395410017464156827e+00, -2.076964667557247068e+00
2.379844846610791542e+00, -2.065225455253669296e+00
2.364385132993167105e+00, -2.053504178031031913e+00
2.349038598932650768e+00, -2.041798717970818355e+00
2.333812966750609785e+00, -2.030106957154513392e+00
2.318715958768411856e+00, -2.018426777663599569e+00
2.303755297307423788e+00, -2.006756061579561212e+00
2.288938704689013726e+00, -1.995092690983882422e+00
2.274273903234547145e+00, -1.983434547958045080e+00
2.259768615265393077e+00, -1.971779514583534176e+00
2.245430563102915666e+00, -1.960125472941831815e+00
2.231267469068486609e+00, -1.948470305114424317e+00
2.217287055483470049e+00, -1.936811893182793565e+00
2.203497044669233240e+00, -1.925148119228422328e+00
2.189905158947144770e+00, -1.913476865332795818e+00
2.176519120638569671e+00, -1.901796013577396360e+00
2.163346652064877418e+00, -1.890103446043708724e+00
2.150395475547434820e+00, -1.878397044813216787e+00
2.137673313407607800e+00, -1.866674691967401989e+00
2.125187887966764944e+00, -1.854934269587750206e+00
2.112946921546272172e+00, -1.843173659755743765e+00
2.100958136467497184e+00, -1.831390744552867211e+00
2.089229255051808565e+00, -1.819583406060603981e+00
2.077767999620570460e+00, -1.807749526360435732e+00
2.066582092495154122e+00, -1.795886987533849899e+00
2.055679255996921917e+00, -1.783993671662326141e+00
2.045067212447245542e+00, -1.772067460827351004e+00
2.034753684167490029e+00, -1.760106237110406813e+00
2.024746393479022188e+00, -1.748107882592976559e+00
2.015053062703210607e+00, -1.736070279356545676e+00
2.005681414161420761e+00, -1.723991309482595380e+00
1.996639170175021905e+00, -1.711868855052611993e+00
1.987934053065379070e+00, -1.699700798148076730e+00
1.979573785153861731e+00, -1.687485020850475248e+00
1.971566088761835367e+00, -1.675219405241290094e+00
1.963918686210667897e+00, -1.662901833402004481e+00
1.956639299821726130e+00, -1.650530187414102290e+00
1.949735651916376877e+00, -1.638102349359067622e+00
1.943215464815989169e+00, -1.625616201318384801e+00
1.937086460841928703e+00, -1.613069625373535709e+00
1.931356362315562514e+00, -1.600460503606005114e+00
1.926032891558257631e+00, -1.587786718097274230e+00
1.921123770891382643e+00, -1.575046150928830713e+00
1.916636722636304135e+00, -1.562236684182155999e+00
1.912579469114389141e+00, -1.549356199938733747e+00
1.908959732647003804e+00, -1.536402580280047392e+00
1.905785235555517154e+00, -1.523373707287579926e+00
1.903063700161295557e+00, -1.510267463042817004e+00
1.900802848785706489e+00, -1.497081729627241620e+00
1.899010403750116316e+00, -1.483814389122336097e+00
1.897694087375893179e+00, -1.470463323609585427e+00
1.896861621984404112e+00, -1.457026415170471045e+00
1.896520729897015922e+00, -1.443501545886479498e+00
1.896679133435095643e+00, -1.429886597839092666e+00
1.897344554920011417e+00, -1.416179453109795094e+00
1.898524716673129387e+00, -1.402377993780069776e+00
1.900227341015817917e+00, -1.388480101931399036e+00
1.902457666618745824e+00, -1.374484903724298990e+00
1.905209359743430086e+00, -1.360397322024738731e+00
1.908472718765776621e+00, -1.346223966697536190e+00
1.912238041681185274e+00, -1.331971447798108388e+00
1.916495626485056114e+00, -1.317646375381868795e+00
1.921235771172787654e+00, -1.303255359504237321e+00
1.926448773739780185e+00, -1.288805010220628322e+00
1.932124932181433552e+00, -1.274301937586457933e+00
1.938254544493147602e+00, -1.259752751657142955e+00
1.944827908670322625e+00, -1.245164062488096635e+00
1.951835322708357578e+00, -1.230542480134739547e+00
1.959267084602651643e+00, -1.215894614652485384e+00
1.967113492348606885e+00, -1.201227076096751167e+00
1.975364843941620041e+00, -1.186546474522952366e+00
1.984011437377093845e+00, -1.171859419986503337e+00
1.993043570650426366e+00, -1.157172522542823989e+00
2.002451541757016784e+00, -1.142492392247328681e+00
2.012225648692266056e+00, -1.127825639155433546e+00
2.022356189451573805e+00, -1.113178873322554274e+00
2.032833462030340765e+00, -1.098558704804106556e+00
2.043647764423964563e+00, -1.083971743655508746e+00
2.054789394627845489e+00, -1.069424599932175646e+00
2.066248650637384277e+00, -1.054923883689523390e+00
2.078015830447980328e+00, -1.040476204982968333e+00
2.090081232055033933e+00, -1.026088173867924391e+00
2.102435153453943606e+00, -1.011766400399811916e+00
2.115067892640109637e+00, -9.975174946340445992e-01
2.127969747608931872e+00, -9.833480666260390191e-01
2.141131016355812378e+00, -9.692647264312098665e-01
2.154541996876145671e+00, -9.552740841049753850e-01
2.168192987165335595e+00, -9.413827497027518199e-01
2.182074285218780663e+00, -9.275973332799540838e-01
2.196176189031879833e+00, -9.139244448919984221e-01
2.210488996600036948e+00, -9.003706945943003026e-01
2.225003005918646526e+00, -8.869426924422779690e-01
2.239708514983109744e+00, -8.736470484913462231e-01
2.254595811021094853e+00, -8.604903426412020551e-01
2.269653808015152929e+00, -8.474753089313854515e-01
2.284868714200892104e+00, -8.345971037852847330e-01
2.300226421470724425e+00, -8.218499976870948798e-01
2.315712821717067715e+00, -8.092282611210067644e-01
2.331313806832336688e+00, -7.967261645712125917e-01
2.347015268708946500e+00, -7.843379785219044553e-01
2.362803099239315419e+00, -7.720579734572737829e-01
2.378663190315854159e+00, -7.598804198615148886e-01
2.394581433830981432e+00, -7.477995882188190890e-01
2.410543721677112394e+00, -7.358097490133788110e-01
2.426535945746660428e+00, -7.239051727293857041e-01
2.442543997932044242e+00, -7.120801298510309740e-01
2.458553770125677218e+00, -7.003288908625100451e-01
2.474551154219975402e+00, -6.886457262480133457e-01
2.490522042107353506e+00, -6.770249064917333026e-01
2.506452325680227577e+00, -6.654607020778618987e-01
2.522327896831014993e+00, -6.539473834905903393e-01
2.538134647452127357e+00, -6.424792212141134939e-01
2.553858469435981604e+00, -6.310504857326222350e-01
2.569485254674994223e+00, -6.196554475303091003e-01
2.585000895061579929e+00, -6.082883770913659616e-01
2.600391282488156541e+00, -5.969435448999840244e-01
2.615642308847135222e+00, -5.856152214403580469e-01
2.630739866030933349e+00, -5.742976771966791238e-01
2.645669845931967412e+00, -5.629851826531393488e-01
2.660418140442651236e+00, -5.516720082939309266e-01
2.674970641455403086e+00, -5.403524246032451739e-01
2.689313240862635013e+00, -5.290207020652767378e-01
2.703431830556763948e+00, -5.176711111642164909e-01
2.717312302430204163e+00, -5.062979223842566379e-01
2.730940548375372590e+00, -4.948954062095898276e-01
2.744302460284686607e+00, -4.834578331244067106e-01
2.757383930050557375e+00, -4.719794736129022672e-01
2.770170849565402715e+00, -4.604545981592673143e-01
2.782649110721637786e+00, -4.488774772476942232e-01
2.794804605411676857e+00, -4.372423813623753097e-01
2.806623225527939525e+00, -4.255435809875015574e-01
2.818090862962836507e+00, -4.137753466072676689e-01
2.829193409608785181e+00, -4.019319487058647944e-01
2.839916757358199817e+00, -3.900076577674849165e-01
2.850246798103496904e+00, -3.779967442763204066e-01
2.860169423737093819e+00, -3.658934787165625258e-01
2.869670526151403500e+00, -3.536921315724059767e-01
2.878735997238841549e+00, -3.413869733280414653e-01
2.887351728891823566e+00, -3.289722744676614741e-01
2.895503613002765153e+00, -3.164423054754582632e-01
2.903177541464083689e+00, -3.037913368356227606e-01
2.910359406168191665e+00, -2.910136390323497801e-01
2.917035099007506016e+00, -2.781034825498304719e-01
2.923190511874441455e+00, -2.650551378722569851e-01
2.928811536661415360e+00, -2.518628754838200257e-01
2.933884065260841112e+00, -2.385209658687149625e-01
2.938393989565134312e+00, -2.250236795111324462e-01
2.942327201466710562e+00, -2.113652868952647645e-01
2.945669592857986796e+00, -1.975400585053042335e-01
2.948407117663325305e+00, -1.835423014315456514e-01
2.950533362433184870e+00, -1.693708269063172178e-01
2.952056806085399998e+00, -1.550332344003513829e-01
2.952987648198918791e+00, -1.405381387756698408e-01
2.953336088352691124e+00, -1.258941548942948130e-01
2.953112326125665543e+00, -1.111098976182465087e-01
2.952326561096789703e+00, -9.619398180955003597e-02
2.950988992845012593e+00, -8.115502233022570122e-02
2.949109820949282312e+00, -6.600163404229555941e-02
2.946699244988547850e+00, -5.074243180778145734e-02
2.943767464541757750e+00, -3.538603048870350709e-02
2.940324679187861445e+00, -1.994104494708721573e-02
2.936381088505807480e+00, -4.416090044952711811e-03
2.931946892074542621e+00, 1.118021935567803903e-02
2.927032289473016746e+00, 2.683926839278312146e-02
2.921647480280178399e+00, 4.255244220434239999e-02
2.915802664074977457e+00, 5.831112592833036234e-02
2.909508040436360243e+00, 7.410670470272681665e-02
2.902773808943275746e+00, 8.993056366551002712e-02
2.895610169174674287e+00, 1.057740879546578416e-01
2.888027320709501744e+00, 1.216286627081502314e-01
2.880035463126710660e+00, 1.374856730639616720e-01
2.871644796005245581e+00, 1.533365041600720791e-01
2.862865518924058605e+00, 1.691725411344594809e-01
2.853707831462096056e+00, 1.849851691251019337e-01
2.844181933198305146e+00, 2.007657732699792141e-01
2.834298023711637970e+00, 2.165057387070659367e-01
2.824066302581041299e+00, 2.321964505743420726e-01
2.813496969385465007e+00, 2.478292940097854835e-01
2.802600223703855864e+00, 2.633956541513743366e-01
2.791386265115161525e+00, 2.788869161370884364e-01
2.779865293198334975e+00, 2.942944651049023141e-01
2.768047507532321649e+00, 3.096096861927959965e-01
2.755943107696070538e+00, 3.248239645387472896e-01
2.743562293268531072e+00, 3.399286852807343884e-01
2.730915263828649131e+00, 3.549152335567368755e-01
2.718012218955376369e+00, 3.697749945047297815e-01
2.704863358227661330e+00, 3.844993532626927446e-01
2.691478881224452113e+00, 3.990796949686037931e-01
2.677868987524696376e+00, 4.135074047604410108e-01
2.664043876707341330e+00, 4.277738677761840358e-01
2.650013748351339515e+00, 4.418704691538076768e-01
2.635788802035637701e+00, 4.557885940312919049e-01
2.621379237339183987e+00, 4.695196275466143043e-01
2.606795253840927806e+00, 4.830549548377534586e-01
2.592047051119815038e+00, 4.963859610426886171e-01
2.577144828754798223e+00, 5.095040312993950327e-01
2.562098786324824129e+00, 5.224005507458520103e-01
2.546919123408842189e+00, 5.350669045200378005e-01
2.531616039585800060e+00, 5.474944777599307644e-01
2.516199734434644952e+00, 5.596746556035098186e-01
2.500680407534328964e+00, 5.715988231887506599e-01
2.485068156730782185e+00, 5.832584850334611160e-01
2.469369442400473957e+00, 5.946494140876470436e-01
2.453586175554476778e+00, 6.057727218087400889e-01
2.437719980225925287e+00, 6.166298564118736225e-01
2.421772480447960341e+00, 6.272222661121776843e-01
2.405745300253720576e+00, 6.375513991247862000e-01
2.389640063676341075e+00, 6.476187036648317630e-01
2.373458394748960476e+00, 6.574256279474468556e-01
2.357201917504715194e+00, 6.669736201877647375e-01
2.340872255976745642e+00, 6.762641286009160035e-01
2.324471034198188235e+00, 6.852986014020343575e-01
2.307999876202181166e+00, 6.940784868062521706e-01
2.291460406021858187e+00, 7.026052330287028136e-01
2.274854247690364151e+00, 7.108802882845171034e-01
2.258183025240831920e+00, 7.189051007888284106e-01
2.241448362706400133e+00, 7.266811187567689956e-01
2.224651884120206535e+00, 7.342097904034718958e-01
2.207795213515387989e+00, 7.414925639440701488e-01
2.190879974925084461e+00, 7.485308875936943496e-01
2.173907792382432813e+00, 7.553262095674785348e-01
2.156880289920570348e+00, 7.618799780805547428e-01
2.139799091572634815e+00, 7.681936413480554560e-01
2.122665821371761297e+00, 7.742686475851138228e-01
2.105482103351092871e+00, 7.801064450068613265e-01
2.088249561543764177e+00, 7.857084818284306715e-01
2.070969819982913851e+00, 7.910762062649550064e-01
2.053644502701677865e+00, 7.962110665315661473e-01
2.036275233733193524e+00, 8.011145108433976869e-01
2.018863637110602571e+00, 8.057879874155811084e-01
2.001411336867039648e+00, 8.102329444632486721e-01
1.983919957035644055e+00, 8.144508302015338597e-01
1.966391121649551543e+00, 8.184430928455687093e-01
1.948826454741899195e+00, 8.222111806104859255e-01
1.931227580345828532e+00, 8.257565417114178796e-01
1.913596122494474860e+00, 8.290806243634967210e-01
1.895933705220975929e+00, 8.321848767818553760e-01
1.878241952558470595e+00, 8.350707471816266603e-01
1.860522488540092390e+00, 8.377396837779425010e-01
1.842776937198985276e+00, 8.401931347859359356e-01
1.825006922568283452e+00, 8.424325484207386694e-01
1.807214068681125330e+00, 8.444593728974839619e-01
1.789399999570648214e+00, 8.462750564313040735e-01
1.771566339269988521e+00, 8.478810472373315976e-01
1.753714711812287330e+00, 8.492787935306989056e-01
1.735846741230680390e+00, 8.504697435265383687e-01
1.717964051558305671e+00, 8.514553454399830246e-01
1.700068266828300478e+00, 8.522370474861648004e-01
1.682161011073800783e+00, 8.528162978802167338e-01
1.664243908327948773e+00, 8.531945448372709739e-01
1.646318582623879756e+00, 8.533732365724600033e-01
1.628386657994731257e+00, 8.533538213009167483e-01
1.610449758473641024e+00, 8.531377472377732474e-01
1.592509508093745030e+00, 8.527264625981623158e-01
1.574567530888184574e+00, 8.521214155972161031e-01
1.556625450890096296e+00, 8.513240544500676465e-01
1.538684892132616833e+00, 8.503358273718493177e-01
1.520747478648884599e+00, 8.491581825776931547e-01
1.502814834472034899e+00, 8.477925682827316400e-01
1.484888583635209702e+00, 8.462404327020982553e-01
1.466970350171544535e+00, 8.445032240509249277e-01
1.449061758114177811e+00, 8.425823905443442507e-01
1.431164431496245948e+00, 8.404793803974884847e-01
1.413279994350886026e+00, 8.381956418254901120e-01
1.395410070711238237e+00, 8.357326230434817260e-01
1.377556284610439663e+00, 8.330917722665962533e-01
1.359720260081627385e+00, 8.302745377099657320e-01
1.341903621157938931e+00, 8.272823675887229777e-01
1.324107991872511159e+00, 8.241167101180001398e-01
1.306334996258484482e+00, 8.207790135129300335e-01
1.288586258348995317e+00, 8.172707259886452524e-01
1.270863402177180967e+00, 8.135932957602781679e-01
1.253168051776177183e+00, 8.097481710429607071e-01
1.235501831179126153e+00, 8.057368000518264628e-01
1.217866364419162961e+00, 8.015606310020073622e-01
1.200263275529426021e+00, 7.972211121086361096e-01
1.182694188543052416e+00, 7.927196915868447435e-01
1.165160727493178783e+00, 7.880578176517661904e-01
1.147664516412945757e+00, 7.832369385185331545e-01
1.130207179335489087e+00, 7.782585024022778963e-01
1.112790340293947189e+00, 7.731239575181328982e-01
1.095415623321457366e+00, 7.678347520812306426e-01
1.078084652451155590e+00, 7.623923343067029457e-01
1.060799051716183383e+00, 7.567981524096839552e-01
1.043560445149676497e+00, 7.510536546053052653e-01
1.026370456784772456e+00, 7.451602891086991365e-01
1.009230710654609453e+00, 7.391195041349986061e-01
9.921428307923226830e-01, 7.329327478993352685e-01
9.751084412310544458e-01, 7.266014686168428272e-01
9.581291660039398250e-01, 7.201271145026535425e-01
9.412066291441171240e-01, 7.135111337718994529e-01
9.243424546847238688e-01, 7.067549746397135957e-01
9.075382666588949210e-01, 6.998600853212267880e-01
8.907956890997733579e-01, 6.928279140315741769e-01
8.741163460404941521e-01, 6.856599089858869123e-01
8.575018615141951628e-01, 6.783575183992974766e-01
8.409538595540139161e-01, 6.709221904869386854e-01
8.244737878209439375e-01, 6.633552958749394657e-01
8.080621952686503073e-01, 6.556578098333140092e-01
7.917193453269125714e-01, 6.478305820254292025e-01
7.754455013076946290e-01, 6.398744620628233903e-01
7.592409265229594917e-01, 6.317902995570338076e-01
7.431058842846689494e-01, 6.235789441195975780e-01
7.270406379047898993e-01, 6.152412453620538235e-01
7.110454506952840203e-01, 6.067780528959400010e-01
6.951205859681152122e-01, 5.981902163327936783e-01
6.792663070352462640e-01, 5.894785852841524232e-01
6.634828772086395210e-01, 5.806440093615531373e-01
6.477705598002609921e-01, 5.716873381765354978e-01
6.321296181220730226e-01, 5.626094213406365174e-01
6.165603154860392898e-01, 5.534111084653935420e-01
6.010629152041223611e-01, 5.440932491623445832e-01
5.856376805882848036e-01, 5.346566930430264319e-01
5.702848749504931813e-01, 5.251022897189790983e-01
5.550047616027091735e-01, 5.154308888017388179e-01
5.397976038568961243e-01, 5.056433399028437137e-01
5.246636650250174894e-01, 4.957404926338314088e-01
5.096032084190352807e-01, 4.857231966062383610e-01
4.946164973509161178e-01, 4.755923014316050246e-01
4.797037951326217353e-01, 4.653486567214677461e-01
4.648653650761155887e-01, 4.549931120873644264e-01
4.501014704933611887e-01, 4.445265171408326332e-01
4.354123746963204922e-01, 4.339497214934092129e-01
4.207983409969595079e-01, 4.232635747566338424e-01
4.062596327072408031e-01, 4.124689265420435902e-01
3.917965131391275557e-01, 4.015666264611760239e-01
3.774092456045832211e-01, 3.905575241255688779e-01
3.630980934155695894e-01, 3.794424691467588318e-01
3.488633198840531691e-01, 3.682223111362858958e-01
3.347051883219960833e-01, 3.568978997056866387e-01
3.206239620413615654e-01, 3.454700844664990167e-01
3.066199043541132374e-01, 3.339397150302605977e-01
2.926932785722127783e-01, 3.223076410085080057e-01
2.788443480076266967e-01, 3.105747120127813066e-01
2.650733759723171157e-01, 2.987417776546173465e-01
2.513806257782473241e-01, 2.868096875455537487e-01
2.377663607373807775e-01, 2.747792912971281365e-01
2.242308441616793491e-01, 2.626514385208770230e-01
2.107743393631097695e-01, 2.504269788283409737e-01
1.973971096536336345e-01, 2.381067618310562239e-01
1.840994183452144273e-01, 2.256916371405605082e-01
1.708815287498141877e-01, 2.131824543683904782e-01
1.577437041793995076e-01, 2.005800631260863665e-01
1.446862079459318995e-01, 1.878853130251848802e-01
1.317093033613752073e-01, 1.750990536772232820e-01
1.188132537376926090e-01, 1.622221346937399167e-01
1.059983223868462276e-01, 1.492554056862706036e-01
9.326477262080243302e-02, 1.361997162663564076e-01
8.061286775152309847e-02, 1.230559160455333978e-01
6.804287109097161002e-02, 1.098248546353393917e-01
5.555504595111152022e-02, 9.650738164731208213e-02
4.314965564390495917e-02, 8.310434669298782939e-02
3.082696348131799130e-02, 6.961659938390746261e-02
1.858723277531271201e-02, 5.604498933160704383e-02
6.430726837852510785e-03, 4.239036614762444616e-02
-5.642291019099084093e-03, 2.865357944349747332e-02
-1.763155748358004662e-02, 1.483547883076233309e-02
-2.953680924362417359e-02, 9.369139209598614793e-04
-4.135778298726949798e-02, -1.304126567437391415e-02
-5.309421540255253313e-02, -2.709821034370081538e-02
-6.474584317750967100e-02, -4.123307047548344095e-02
-7.631240300017902434e-02, -5.544499645818549982e-02
-8.779363155859437606e-02, -6.973313868026607965e-02
-9.918926554079368629e-02, -8.409664753018882000e-02
-1.104990416348135968e-01, -9.853467339641622247e-02
-1.217226965286904439e-01, -1.130463666674103723e-01
-1.328599669104623127e-01, -1.276308777316352283e-01
-1.439105894681628472e-01, -1.422873569775495450e-01
-1.548743008898303131e-01, -1.570149547936174617e-01
-1.657508378635011437e-01, -1.718128215683012439e-01
-1.765399370772117171e-01, -1.866801076900629353e-01
-1.872413352190000768e-01, -2.016159635473664391e-01
-1.978547689769000750e-01, -2.166195395286706626e-01
-2.083799750389498107e-01, -2.316899860224396202e-01
-2.188166900931854120e-01, -2.468264534171354940e-01
-2.291646508276439231e-01, -2.620280921012204667e-01
-2.394235939303627769e-01, -2.772940524631586912e-01
-2.495932560893762142e-01, -2.926234848914086584e-01
-2.596733739927221674e-01, -3.080155397744346324e-01
-2.696636843284370144e-01, -3.234693675006987679e-01
-2.795639237845574110e-01, -3.389841184586631639e-01
-2.893738290491207343e-01, -3.545589430367916961e-01
-2.990931368101617527e-01, -3.701929916235435769e-01
-3.087215837557180098e-01, -3.858854146073824598e-01
-3.182589065738258838e-01, -4.016353623767704994e-01
-3.277048419525221967e-01, -4.174419853201701835e-01
-3.370591265798443814e-01, -4.333044338260453321e-01
-3.463214971438268730e-01, -4.492218582828547691e-01
-3.554916903325073818e-01, -4.651934090790622589e-01
-3.645694428339226190e-01, -4.812182366031303449e-01
-3.735544913361086850e-01, -4.972954912435209596e-01
-3.824465725271037342e-01, -5.134243233886985891e-01
-3.912454230949419798e-01, -5.296038834271215023e-01
-3.999507797276609100e-01, -5.458333217472538523e-01
-4.085623791132972915e-01, -5.621117887375579603e-01
-4.170799579398877799e-01, -5.784384347864959253e-01
-4.255032528954693638e-01, -5.948124102825316228e-01
-4.338320006680773666e-01, -6.112328656141241545e-01
-4.420659379457487770e-01, -6.276989511697370627e-01
-4.502048014165206391e-01, -6.442098173378330017e-01
-4.582483277684298306e-01, -6.607646145068756249e-01
-4.661962536895116749e-01, -6.773624930653239229e-01
-4.740483158678033271e-01, -6.940026034016417711e-01
-4.818042509913413873e-01, -7.106840959042912687e-01
-4.894637957481624557e-01, -7.274061209617348478e-01
-4.970266868263039095e-01, -7.441678289624367171e-01
-5.044926609138007390e-01, -7.609683702948548678e-01
-5.118614546986901548e-01, -7.778068953474542857e-01
-5.191328048690088126e-01, -7.946825545086961817e-01
-5.263064481127933680e-01, -8.115944981670435432e-01
-5.333821211180811428e-01, -8.285418767109600235e-01
-5.403595605729069051e-01, -8.455238405289047243e-01
-5.472385031653081988e-01, -8.625395400093407439e-01
-5.540186855833215684e-01, -8.795881255407314026e-01
-5.606998445149837806e-01, -8.966687475115384665e-01
-5.672817166483316020e-01, -9.137805563102257000e-01
-5.737640386714006890e-01, -9.309227023252522049e-01
-5.801465472722280303e-01, -9.480943359450818564e-01
-5.864289791388499484e-01, -9.652946075581765317e-01
-5.926110709593036541e-01, -9.825226675529989961e-01
-5.986925594216259139e-01, -9.997776663180131251e-01
-6.046731812138523843e-01, -1.017058754241677576e+00
-6.105526730240197208e-01, -1.034365081712456114e+00
-6.163307715401644682e-01, -1.051695799118811170e+00
-6.220072134503236150e-01, -1.069050056849204955e+00
-6.275817354425345940e-01, -1.086427005292101899e+00
-6.330540742048320624e-01, -1.103825794835960217e+00
-6.384239664252533419e-01, -1.121245575869243449e+00
-6.436911487918351993e-01, -1.138685498780414918e+00
-6.488553579926141790e-01, -1.156144713957936165e+00
-6.539163307156272698e-01, -1.173622371790271846e+00
-6.588738036489099059e-01, -1.191117622665879505e+00
-6.637275134804997423e-01, -1.208629616973224241e+00
-6.684771968984324353e-01, -1.226157505100767597e+00
-6.731225905907451956e-01, -1.243700437436972450e+00
-6.776634312454749010e-01, -1.261257564370301898e+00
-6.820994555506570967e-01, -1.278828036289215486e+00
-6.864304001943288824e-01, -1.296411003582177202e+00
-6.906560018645266918e-01, -1.314005616637648810e+00
-6.947759972492872915e-01, -1.331611025844092300e+00
-6.987901230366473371e-01, -1.349226381589972323e+00
-7.026981159146430400e-01, -1.366850834263747760e+00
-7.064997125713111670e-01, -1.384483534253881931e+00
-7.101946496946881515e-01, -1.402123631948837268e+00
-7.137826639728105382e-01, -1.419770277737076203e+00
-7.172634920937154268e-01, -1.437422622007062945e+00
-7.206368707454385847e-01, -1.455079815147255928e+00
-7.239025366160168895e-01, -1.472741007546118475e+00
-7.270602263934871079e-01, -1.490405349592113904e+00
-7.301096767658854514e-01, -1.508071991673703760e+00
-7.330506244212490197e-01, -1.525740084179352696e+00
-7.358828060476139132e-01, -1.543408777497519146e+00
-7.386059583330166767e-01, -1.561077222016666433e+00
-7.412198179654939656e-01, -1.578744568125257874e+00
-7.437241216330823246e-01, -1.596409966211755016e+00
-7.461186060238187423e-01, -1.614072566664621844e+00
-7.484030078257390972e-01, -1.631731519872317460e+00
-7.505770637268804890e-01, -1.649385976223305850e+00
-7.526405104152790182e-01, -1.667035086106048336e+00
-7.545930845789715624e-01, -1.684677999909008239e+00
-7.564345229059947773e-01, -1.702313868020649323e+00
-7.581645620843848743e-01, -1.719941840829430246e+00
-7.597829388021786201e-01, -1.737561068723814772e+00
-7.612893897474126703e-01, -1.755170702092265334e+00
-7.626836516081232364e-01, -1.772769891323243918e+00
-7.639654610723475292e-01, -1.790357786805215845e+00
-7.651345548281214271e-01, -1.807933538926637551e+00
-7.661906695634815856e-01, -1.825496298075974355e+00
-7.671335419664648825e-01, -1.843045214641688467e+00
-7.679629087251079733e-01, -1.860579439012244318e+00
-7.686785065274469586e-01, -1.878098121576099233e+00
-7.692800720615186050e-01, -1.895600412721717865e+00
-7.697673447228461363e-01, -1.913085464016589743e+00
-7.701408943024002918e-01, -1.930552788639462891e+00
-7.704032886272202951e-01, -1.948002769851348237e+00
-7.705573899289874795e-01, -1.965435919117269448e+00
-7.706060604393826230e-01, -1.982852747902253743e+00
-7.705521623900879469e-01, -2.000253767671330785e+00
-7.703985580127848953e-01, -2.017639489889527127e+00
-7.701481095391540244e-01, -2.035010426021870877e+00
-7.698036792008770002e-01, -2.052367087533386147e+00
-7.693681292296357110e-01, -2.069709985889102821e+00
-7.688443218571110460e-01, -2.087039632554047230e+00
-7.682351193149843382e-01, -2.104356538993246595e+00
-7.675433838349370319e-01, -2.121661216671730799e+00
-7.667719776486504601e-01, -2.138954177054522177e+00
-7.659237629878061782e-01, -2.156235931606651057e+00
-7.650016020840855191e-01, -2.173506991793144216e+00
-7.640083571691697051e-01, -2.190767869079028873e+00
-7.629468904747401803e-01, -2.208019074929334469e+00
-7.618200642324781668e-01, -2.225261120809082893e+00
-7.606307406740655530e-01, -2.242494518183305807e+00
-7.593817820311832278e-01, -2.259719778517029098e+00
-7.580760505355126355e-01, -2.276937413275279987e+00
-7.567164084187347761e-01, -2.294147933923087912e+00
-7.553057179125319820e-01, -2.311351851925476097e+00
-7.538468412485848091e-01, -2.328549678747473983e+00
-7.523426406585750348e-01, -2.345741925854108789e+00
-7.507959783741838811e-01, -2.362929104710407291e+00
-7.492097166270921260e-01, -2.380111726781398485e+00
-7.475867176489823240e-01, -2.397290303532107369e+00
-7.459298436715350311e-01, -2.414465346427561609e+00
-7.442419569264320245e-01, -2.431637366932788868e+00
-7.425259196453544153e-01, -2.448806876512816810e+00
-7.407845940599833146e-01, -2.465974386632673099e+00
-7.390208424020008326e-01, -2.483140408757384066e+00
-7.372375269030876366e-01, -2.500305454351975598e+00
-7.354375097949256146e-01, -2.517470034881477581e+00
-7.336236533091956558e-01, -2.534634661810915457e+00
-7.317988196775790932e-01, -2.551799846605319111e+00
-7.299658711317582593e-01, -2.568966100729712210e+00
-7.281276699034133770e-01, -2.586133935649122861e+00
-7.262870782242265566e-01, -2.603303862828580506e+00
-7.244469583258785761e-01, -2.620476393733109699e+00
-7.226101724400511017e-01, -2.637652039827741213e+00
-7.207795827984257997e-01, -2.654831312577498714e+00
-7.189580516326836701e-01, -2.672014723447410312e+00
-7.171484411745062681e-01, -2.689202783902504557e+00
-7.153536136555747049e-01, -2.706396005407806449e+00
-7.135764313075703136e-01, -2.723594899428347649e+00
-7.118197563621749824e-01, -2.740799977429150491e+00
-7.100864510510694894e-01, -2.758011750875243528e+00
-7.083793776059357228e-01, -2.775230731231655756e+00
-7.067013982584546827e-01, -2.792457429963413063e+00
-7.050553752403077024e-01, -2.809692358535544443e+00
-7.034441707831764479e-01, -2.826936028413074009e+00
-7.018706471187423634e-01, -2.844188951061030757e+00
-7.003376664786863381e-01, -2.861451637944442350e+00
-6.988480910946897051e-01, -2.878724600528336897e+00
-6.974047831984346857e-01, -2.896008350277738952e+00
-6.960106050216017248e-01, -2.913303398657676180e+00
-6.946684187958728218e-01, -2.930610257133178020e+00
-6.933810867529289768e-01, -2.947929437169269917e+00
-6.921514711244515228e-01, -2.965261450230981755e+00
-6.909824341421220151e-01, -2.982606807783336311e+00
-6.898768380376218978e-01, -2.999966021291363916e+00
