0.23527257670989354,1.1182702247730762
0.2123161616483561,1.120591823298009
0.18799762645125476,1.1215389960052287
0.16656679476203437,1.1220417930629039
0.14073917024576596,1.1224164534788514
0.11854547025560888,1.1226003573719807
0.09431062263351878,1.1226909088169985
0.0684199499632274,1.1226789897051286
0.041258774828466495,1.1225554819275976
0.013212419812967878,1.1223112673756312
-0.015333792499536505,1.121937227940455
-0.04400335013556455,1.1214242188098429
-0.07260494668253045,1.1207625338452194
-0.10112328199480283,1.1199419334631455
-0.12955002518105835,1.1189521569575642
-0.1578768453499737,1.1177829436224194
-0.18609541161022547,1.1164240327516541
-0.21419739307049043,1.1148651636392126
-0.24217445883944494,1.1130960755790378
-0.2700182780257661,1.1111065078650737
-0.29772051973813046,1.1088861997912633
-0.3252728530852145,1.1064248906515506
-0.35266694717569497,1.103712319739879
-0.37989447111824837,1.1007382263501924
-0.406947094021552,1.097492349776433
-0.4338164849942815,1.0939644293125463
-0.46049431314511463,1.0901442042524747
-0.48697224758272695,1.086021413890162
-0.5132419574157963,1.0815857975195513
-0.5392951117529979,1.0768270944345868
-0.5651233797030101,1.0717350439292113
-0.590718430374508,1.0662993852973697
-0.616071932876169,1.060509857833004
-0.6411755563166701,1.0543562008300582
-0.6660209698046872,1.0478281535824765
-0.6905998424488976,1.0409154553842017
-0.7149038433579774,1.0336078455291782
-0.7389246416406039,1.025895063311348
-0.7626539064054529,1.0177668480841982
-0.7860833067612019,1.0092155949407675
-0.8092045118165273,1.0002434371724507
-0.8320091906801055,0.9908547395718236
-0.8544890124606136,0.9810538669314608
-0.8766356462667275,0.9708451840439377
-0.8984407612071251,0.9602330557018293
-0.9198960263904816,0.9492218466977107
-0.940993110925475,0.9378159218241569
-0.9617236839207811,0.9260196458737432
-0.9820794144850767,0.9138373836390451
-1.0020519717270386,0.901273499912637
-1.0216330247553436,0.8883323594870949
-1.040814242678668,0.875018327154993
-1.0595872946056886,0.8613357677089071
-1.0779438496450826,0.8472890459414121
-1.0958755769055255,0.8328825266450833
-1.1133741454956951,0.8181205746124954
-1.1304312245242674,0.8030075546362243
-1.1470384830999192,0.7875478315088443
-1.1631875903313276,0.771745770022931
-1.1788702153271684,0.7556057349710598
-1.1940780271961193,0.7391320911458049
-1.208802695046856,0.7223292033397425
-1.2230358879880554,0.705201436345447
-1.2367692751283945,0.6877531549554938
-1.2499945255765499,0.6699887239624583
-1.262703308441198,0.6519125081589152
-1.2748872675434835,0.6335279354717919
-1.2865375387952414,0.6148196165399665
-1.2976447880557906,0.5957547472523385
-1.3081996634825195,0.5762998676674622
-1.3181928132328142,0.5564215178438936
-1.3276148854640633,0.5360862378401863
-1.3364565283336534,0.5152605677148964
-1.3447083899989727,0.49391104752657855
-1.3523611186174087,0.47200421733378733
-1.3594053623463478,0.4495066171950783
-1.365831769343179,0.4263847871690061
-1.371630987765289,0.4026052673141259
-1.3767936657700652,0.37813459768899244
-1.3813104515148957,0.35293931835216114
-1.385171993157167,0.3269914989134206
-1.388368938854268,0.300334235225829
-1.390891936763585,0.27305986708807295
-1.3927316350425056,0.24526172335755128
-1.3938786818484181,0.21703313289166487
-1.3943237253387095,0.18846742454781243
-1.394057413670767,0.15965792718339455
-1.3930703950019783,0.13069796965581013
-1.3913533174897312,0.1016808808224596
-1.3888968292914128,0.07269998954074233
-1.3856915785644108,0.04384862466805753
-1.3817282134661129,0.01522011506180539
-1.3769973821539063,-0.013092210420613593
-1.3714897327851783,-0.0409950229218014
-1.3651990762610253,-0.0684059327065906
-1.3581367728368323,-0.09530324877146806
-1.350320234982898,-0.12168621317763544
-1.3417668808464964,-0.147554087621503
-1.3324941285749028,-0.17290613379947875
-1.3225193963153912,-0.1977416134079708
-1.3118601022152356,-0.22205978814338934
-1.300533664421711,-0.24585991970214244
-1.2885575010820915,-0.26914126978063885
-1.2759490303436523,-0.29190310007528664
-1.2627256703536662,-0.314144672282496
-1.2489048392594087,-0.33586524809867485
-1.2345039552081545,-0.3570640892202316
-1.2195404363471771,-0.3777404573435761
-1.2040317008237513,-0.39789361416511637
-1.1879951667851518,-0.4175228213812615
-1.1714482523786531,-0.4366273406884196
-1.154408375751529,-0.4552064337830003
-1.1368929550510543,-0.47325936236141214
-1.118919408424503,-0.4907853881200637
-1.1005051540191504,-0.5077837727553633
-1.0816676099822704,-0.5242537779637211
-1.0624241944611363,-0.5401946654415446
-1.0427923256030251,-0.5556056968852425
-1.0227894215552087,-0.5704861339912246
-1.0024329004649624,-0.5848352384558991
-0.9817401804795607,-0.5986522719756748
-0.9607285949713821,-0.6119368132291272
-0.9394121345854847,-0.6247009397003694
-0.9178004201977398,-0.6369730678955585
-0.8959027778674925,-0.648782716670542
-0.8737285336540863,-0.6601594048811688
-0.8512870136168664,-0.6711326513832868
-0.8285875438151774,-0.681731975032744
-0.8056394503083644,-0.6919868946853881
-0.7824520591557712,-0.701926929197068
-0.7590346964167423,-0.7115815974236315
-0.7353966881506236,-0.7209804182209262
-0.7115473604167581,-0.730152910444801
-0.6874960392744914,-0.7391285929511036
-0.6632520507831677,-0.7479369845956823
-0.6388247210021326,-0.7566076042343848
-0.6142233759907293,-0.7651699707230596
-0.589457341808303,-0.7736536029175549
-0.5645359445141984,-0.7820880196737187
-0.5394685101677607,-0.7905027398473985
-0.5142643648283332,-0.7989272822944432
-0.48893283455526115,-0.8073911658707007
-0.4634832454078899,-0.815923909432019
-0.4379249234455629,-0.8245550318342463
-0.4122671947276249,-0.8333140519332306
-0.38651938531342106,-0.8422304885848203
-0.36069082126229646,-0.8513338606448627
-0.3347908286335943,-0.8606536869692071
-0.30882873348665996,-0.8702194864137008
-0.28281199420503317,-0.880056637298959
-0.2567375418434228,-0.8901671794326774
-0.23059862229373596,-0.9005449828179283
-0.20438847752978004,-0.9111839087715738
-0.17810034952536397,-0.922077818610477
-0.15172748025429394,-0.933220573651501
-0.1252631116903785,-0.9446060352115084
-0.09870048580742631,-0.9562280646073612
-0.07203284457924357,-0.9680805231559229
-0.04525342997963897,-0.9801572721740563
-0.018355483982420262,-0.9924521729786234
0.008667751438603901,-1.0049590868864875
0.03582303430962726,-1.0176718752145113
0.054003253214971646,-1.0262584106625976
0.07224716582119778,-1.0349318986802825
0.09055677450643801,-1.0436905203984888
0.10893408164882187,-1.0525324569481382
0.1273810896264812,-1.0614558894601536
0.14589980081754772,-1.0704589990654572
0.16449221760015098,-1.0795399668949708
0.18316034235242354,-1.0886969740796175
0.20190617745249473,-1.0979282017503185
0.22073172527849727,-1.1072318310379976
0.23963898820856055,-1.1166060430735756
0.25862996862081716,-1.1260490189879757
0.27770666889339646,-1.1355589399121193
0.29687109140443124,-1.1451339869769301
0.3161252385320507,-1.154772341313329
0.3354711126543877,-1.1644721840522394
0.3549107161495714,-1.1742316963245827
0.3744460513957346,-1.1840490592612816
0.39407912077100665,-1.1939224539932582
0.41381192665352007,-1.2038500616514352
0.43364647142140444,-1.2138300633667343
0.45358475401160087,-1.2238606414607753
0.473621942418798,-1.2339423418503144
0.49373208005795016,-1.2440830198322963
0.5138851394003426,-1.254291939303282
0.5340510929172644,-1.264578364159835
0.5541999130800015,-1.2749515582985185
0.5743015723598425,-1.2854207856158946
0.5943260432280731,-1.2959953100085257
0.6142432981559817,-1.3066843953729752
0.6340233096148561,-1.3174973056058061
0.653636050075982,-1.3284433046035797
0.6730514920106486,-1.3395316562628603
0.6922396078901413,-1.3507716244802093
0.7111703701857492,-1.3621724731521907
0.7298137513687579,-1.373743466175366
0.7481397239104565,-1.3854938674462987
0.7661182602821303,-1.397432940861551
0.7837193329550682,-1.4095699503176862
0.8009129144005567,-1.4219141597112661
0.8176689770898835,-1.4344748329388544
0.8339574934943353,-1.447261233897013
0.8497485372940063,-1.4602825775600285
0.8650247642015446,-1.4735419970037502
0.879793448815838,-1.4870307250355281
0.901016990728525,-1.5076715744198101
0.9211555370870527,-1.5287712920146783
0.940243272654805,-1.5502956321526076
0.9583143821951672,-1.5722103491660742
0.9754030504715243,-1.594481197387554
0.9915434622472621,-1.6170739311495241
1.006769802285765,-1.6399543047844598
1.0211162553504185,-1.6630880726248376
1.0346170062046078,-1.686440989003134
1.0473062396117183,-1.709978808251825
1.0592181403351344,-1.7336672847033867
1.0703868931382414,-1.7574721726902938
1.0808446903794402,-1.7813609911911785
1.0906063819649892,-1.8053166191600216
1.099677887795963,-1.8293298447356428
1.1080650539571988,-1.8533915214349077
1.115773726533533,-1.8774925027746812
1.1228097516098017,-1.9016236422718265
1.129178975270841,-1.9257757934432091
1.1348872436014885,-1.949939809805693
1.1399404026865794,-1.974106544876143
1.1443442986109509,-1.9982668521714233
1.1481047774594388,-2.022411585208398
1.1512276853168804,-2.0465315975039333
1.1537188682681117,-2.070617742574893
1.155584172397969,-2.0946608739381394
1.156829443791289,-2.11865184511054
1.157460528532908,-2.142581509608959
1.1574832727076627,-2.166440720950259
1.156903522400389,-2.1902203326513066
1.155727123695924,-2.2139111982289643
1.1539599226791035,-2.2375041712000985
1.1516077654347643,-2.2609901050815733
1.1486764980477429,-2.284359853390252
1.1451719666028757,-2.307604269643
1.1411000171849988,-2.3307142073566824
1.1364664958789492,-2.353680520048162
1.1312772487695628,-2.376494061234306
1.125538121941677,-2.3991456844319767
1.1192549675437258,-2.4216262415091845
1.1124343669979055,-2.4439263860249745
1.1050843157125518,-2.466036387037879
1.0972129712234282,-2.4879464695196676
1.088828491066297,-2.509646858442108
1.0799390327769227,-2.531127778776965
1.070552753891069,-2.552379455496009
1.060677811944499,-2.573392113571006
1.0503223644729769,-2.5941559779737244
1.0394945690122661,-2.6146612736759294
1.0282025830981303,-2.634898225649391
1.0164545642663327,-2.654857058865875
1.0042586700526372,-2.6745279982971506
0.9916230579928081,-2.693901268914983
0.9785558856226083,-2.71296709569114
0.9650653104778008,-2.7317157035973905
0.9511594900941504,-2.7501373176055015
0.9368465820074207,-2.7682221626872385
0.9221347437533737,-2.7859604638143725
0.9070321328677755,-2.8033424459586676
0.8915469068863879,-2.8203583340918925
0.8756872233449744,-2.836998353185816
0.8594612397793002,-2.853252728212203
0.8428771137251272,-2.869111684142823
0.8259430027182207,-2.884565445949441
0.8086670642943434,-2.899604238603827
0.791057455989258,-2.914218287077748
0.7731223353387302,-2.92839781634297
0.7548698598785223,-2.94213390419724
0.7363081871443973,-2.9554249757801445
0.7174454746721206,-2.968273207605104
0.698289879997455,-2.980680806254246
0.6788495606561626,-2.9926499783096947
0.6591326741840099,-3.0041829303535756
0.6391473781167589,-3.015281868968013
0.6189018299901723,-3.025949000735132
0.5984041873400159,-3.036186532237058
0.5776626077020511,-3.045996670055915
0.5566852486120437,-3.0553816207738285
0.5354802676057563,-3.0643435909729235
0.5140558222189512,-3.0728847872353247
0.49242006998739474,-3.081007416143157
0.47058116844684905,-3.088713684278545
0.44854727513307646,-3.096005798223616
0.4263265475818434,-3.1028859645604925
0.40392714332891183,-3.1093563898712997
0.38135721991004445,-3.115419280738163
0.3586249348610071,-3.1210768437432073
0.3357384457175613,-3.1263312854685577
0.3127059100154729,-3.131184812496338
0.2895354852905042,-3.1356396314086754
0.2662353290784176,-3.1396979487876937
0.2428135989149796,-3.1433619712155165
0.21927845233595214,-3.1466339052742716
0.19563804687709768,-3.1495159575460807
0.17190054227983287,-3.1520104069668675
0.1480743695992671,-3.154128432602645
0.12416848922171143,-3.1558985776135513
0.10019192268650187,-3.157351391213391
0.0761536915329697,-3.1585174226159665
0.05206281730044667,-3.1594272210350827
0.02792832152826834,-3.1601113356845434
0.003759225755765031,-3.1606003157781517
-0.0204354484777275,-3.160924710529713
-0.04464667963287786,-3.1611150691530314
-0.0688654461703544,-3.1612019408619094
-0.09308272655082138,-3.161215874870152
-0.11728949923494719,-3.161187420391563
-0.14147674268340046,-3.161147126639945
-0.16563543535684536,-3.161125572331581
-0.18975655571595015,-3.1611548478482825
-0.21383108222138367,-3.1612692490036727
-0.23784999333380977,-3.161503246102566
-0.2618042675138986,-3.1618913094497705
-0.2856848832223142,-3.1624679093501005
-0.3094828189197253,-3.163267516108364
-0.3331890530668,-3.164324600029376
-0.35679456412420285,-3.1656736314179446
-0.38029033055260214,-3.167349080578883
-0.40366733081266626,-3.1693854178170016
-0.42691654336505974,-3.1718171134371125
-0.45002894667045085,-3.1746786377440257
-0.47299551918950805,-3.1780044610425544
-0.49580723938289556,-3.1818281051916237
-0.5184550857112818,-3.186169483708676
-0.5409300366353353,-3.191038324879793
-0.5632230706157204,-3.196444111235075
-0.5853251661131068,-3.202396325304618
-0.6072273015881589,-3.2089044496185206
-0.628920455501545,-3.2159779667068786
-0.6503956063139336,-3.223626359099792
-0.671643732485989,-3.231859109327355
-0.6926558124783797,-3.240685699919669
-0.7134228247517738,-3.2501156134068285
-0.733935747766836,-3.2601583323189316
-0.7541855599842346,-3.270823339186076
-0.7741632398646381,-3.282120116538361
-0.7938597658687105,-3.2940581469058814
-0.8132661164571217,-3.306646912818737
-0.8323732700905364,-3.3198958968070214
-0.8511722052296229,-3.3338145814008366
-0.869653900335049,-3.348412449130279
-0.8878093338674798,-3.363698982525444
-0.9056294842875834,-3.379683664116431
-0.923105330056028,-3.396375976433337
-0.9402278496334784,-3.4137854020062592
-0.9569880214806028,-3.4319214233652957
-0.9733768240580694,-3.450793523040544
-0.9893852358265426,-3.470411183562101
-1.0050042352466912,-3.4907838874600645
-1.0202247963373672,-3.5119211048517753
-1.0350336240734814,-3.533820375912276
-1.0494051960465538,-3.556445071110127
-1.0633118145485625,-3.5797524819888746
-1.0767257818714893,-3.6036999000920718
-1.0896194003073134,-3.6282446169632685
-1.1019649721480151,-3.6533439241460104
-1.113734799685574,-3.678955113183848
-1.1249011852119717,-3.705035475620334
-1.135436431019186,-3.731542302999013
-1.1453128393991985,-3.758432886863436
-1.1545027126439895,-3.7856645187571547
-1.1629783530455375,-3.8131944902237156
-1.170712062895824,-3.8409800928066695
-1.177676144486828,-3.8689787873392425
-1.1838429001105306,-3.897156374907867
-1.189184632058911,-3.9254906351052354
-1.1936736426239498,-3.953960274491755
-1.1972822340976268,-3.98254399962784
-1.1999827087719221,-4.011220517073901
-1.2017473689388156,-4.0399685333903435
-1.2025485168902879,-4.068766755137582
-1.2023584549183182,-4.097593888876028
-1.2011494853148874,-4.126428641166087
-1.1988939103719751,-4.1552497185681725
-1.1955640323815615,-4.184035827642696
-1.1911321536356265,-4.212765674950066
-1.1855705764261502,-4.241417967050694
-1.1788539173196226,-4.269970828072442
-1.1709895291854762,-4.298394143410808
-1.1620090314065907,-4.326651691317488
-1.1519446159427416,-4.3547071059439695
-1.140828474753702,-4.382524021441747
-1.132849319155544,-4.400918173813945
-1.1244265757978762,-4.419179388907826
-1.1155697830391482,-4.437296891657163
-1.1062884792378131,-4.4552599069957335
-1.0965922027523198,-4.473057659857314
-1.0864904919411227,-4.490679375175678
-1.0759928851626726,-4.508114277884603
-1.065108920775421,-4.525351592917863
-1.0538481371378179,-4.542380545209234
-1.0422200726083175,-4.559190359692493
-1.03023426554537,-4.575770261301415
-1.0179002543074274,-4.592109474969773
-1.0052275772529409,-4.608197225631346
-0.992225772740361,-4.62402273821991
-0.9789043791281412,-4.639575237669238
-0.9652729347747329,-4.654843948913106
-0.9513409780385869,-4.669818096885291
-0.9371180472781537,-4.684486906519569
-0.9226136808518873,-4.698839602749714
-0.907837417118238,-4.712865410509501
-0.8927987944356578,-4.726553554732709
-0.8775073511625968,-4.739893260353112
-0.8619726256575088,-4.752873752304482
-0.8462041562788444,-4.7654842555206
-0.8302114813850552,-4.777713994935239
-0.8140041393345908,-4.789552195482177
-0.7975916684859065,-4.800988082095185
-0.7726092108753272,-4.817364002931219
-0.7472188667350372,-4.832774107668406
-0.7214528280248141,-4.847182030458237
-0.6953432867044301,-4.860551405452204
-0.6689224291760637,-4.872845884252066
-0.6422172653124174,-4.884045372218207
-0.6152400349045385,-4.894176151215409
-0.5880003606391411,-4.903272720541057
-0.5605078652029452,-4.911369579492536
-0.5327721712826656,-4.918501227367232
-0.5048029015650174,-4.924702163462528
-0.47660967873671983,-4.9300068870758125
-0.4482021254844861,-4.934449897504465
-0.41958986449503616,-4.938065694045877
-0.3907825184550846,-4.940888775997427
-0.3617897100513462,-4.942953642656506
-0.3326210619705409,-4.944294793320494
-0.3032861968993833,-4.94494672728678
-0.27379473752458805,-4.944944112988299
-0.2441563065328753,-4.944348646305863
-0.21438052661095952,-4.94327847679296
-0.1844770204455554,-4.94185882967724
-0.16447514258851897,-4.940780083661563
-0.14442362542824125,-4.939638773694747
-0.12432532013115691,-4.938472003547946
-0.10418307786369875,-4.9373168769923135
-0.0839997497923048,-4.936210497799005
-0.06377818708340768,-4.935189527429747
-0.04352124090344196,-4.934275300287045
-0.023231762418840313,-4.93347025815266
-0.0029126027960408307,-4.932775677593542
0.017433386798523687,-4.932192835176639
0.03780335519841892,-4.931723007468901
0.058194451237212036,-4.931367471037279
0.07860382374846503,-4.931127502448721
0.09902862156574506,-4.931004378270175
0.11946599352261775,-4.930999375068593
0.13991309243981595,-4.931113759113713
0.16036789173331512,-4.93134667741459
0.18083018369942902,-4.931692579559015
0.2013000048954662,-4.932145284308888
0.2217773918787369,-4.932698610426111
0.242262381206546,-4.933346376672585
0.26275500943620395,-4.934082401810212
0.28325531312501934,-4.934900504600896
0.30376332883030227,-4.93579450380653
0.32427909310935793,-4.936758218189021
0.3448026425194964,-4.937785466510271
0.36533401361802637,-4.9388700675321795
0.38587324296225634,-4.94000584001665
0.40642036710949664,-4.9411866027255815
0.4269754226170522,-4.942406174420874
0.44753844604223325,-4.943658373864432
0.4681094739423486,-4.9449370198181555
0.4886885428747083,-4.946235931043945
0.5092756893966175,-4.947548926303703
0.5298709500653863,-4.948869824359329
0.5504743614383235,-4.950192443972727
0.5710859600727392,-4.951510603905797
0.5917057825259384,-4.95281812292044
0.6123338653552315,-4.954108819778557
0.6329702451179269,-4.955376513242049
0.6536149583713351,-4.956615022072819
0.674268041672761,-4.9578181650327675
0.6949295315795148,-4.9589797608837936
0.7155994646489049,-4.960093628387803
0.7362778774382422,-4.961153586306693
0.7569648065048311,-4.962153453402368
0.7776602884059821,-4.963087048436727
0.798364359699004,-4.9639481901716715
0.8190770569412066,-4.964730697369105
0.8397984166898951,-4.965428388790924
0.8605284755023802,-4.966035083199036
0.8812672699359697,-4.966544599355338
0.9020148365479725,-4.966950756021733
0.9227712118956989,-4.96724737196012
0.9435364325364541,-4.967428265932403
0.964310535027548,-4.967487256700483
0.9850935559262892,-4.96741816302626
1.0058853438802395,-4.967216747366686
1.0266849079997662,-4.96688745615748
1.0474910230259844,-4.966437160095858
1.0683024636894944,-4.96587272998777
1.089118004720899,-4.965201036639158
1.1099364208507954,-4.964428950855972
1.1307564868097857,-4.963563343444155
1.1515769773284712,-4.962611085209655
1.1723966671374546,-4.961579046958417
1.1932143309673322,-4.960474099496387
1.2140287435487076,-4.959303113629511
1.2348386796121806,-4.958072960163735
1.2556429138883554,-4.956790509905007
1.276440221107827,-4.955462633659272
1.2972293760011995,-4.954096202232475
1.3180091532990734,-4.952698086430562
1.3387783277320506,-4.951275157059481
1.3595356740307292,-4.949834284925176
1.380279966925711,-4.948382340833594
1.4010099811475976,-4.946926195590682
1.4217244914269886,-4.9454726489413465
1.442422272494488,-4.94402443139243
1.4631020990806922,-4.942578075455931
1.4837627459162035,-4.941129593058907
1.5044029877316232,-4.939674996128402
1.5250215992575535,-4.938210296591472
1.545617355224592,-4.936731506375166
1.5661890303633408,-4.935234637406535
1.5867353994044011,-4.933715701612632
1.6072552370783755,-4.932170710920506
1.6277473181158606,-4.93059567725721
1.6482104172474594,-4.928986612549792
1.6686433092037725,-4.927339528725308
1.6890447687154029,-4.925650437710805
1.709413570512947,-4.923915351433335
1.729748489327008,-4.92213028181995
1.7500482998881872,-4.9202912407977
1.770311776927086,-4.918394240293637
1.7905376951743017,-4.9164352922348105
1.8107248293604372,-4.9144104085482745
1.8308719542160943,-4.912315601161078
1.8509776566464866,-4.910146133220702
1.8710386273608681,-4.907889708551509
1.8910504576094451,-4.9055296479043635
1.9110087251584778,-4.903049218275411
1.9309090077742253,-4.9004316866607915
1.95074688322295,-4.897660320056648
1.9803770093215562,-4.89317822609913
2.0098418442295696,-4.888255880268483
2.0391264629081185,-4.882836808676681
2.068215940318327,-4.876864537435704
2.097095351421326,-4.870282592657533
2.125749771178239,-4.863034500454145
2.1541642745501957,-4.85506378693752
2.182323936498325,-4.8463139782196345
2.210213831983748,-4.8367286004124725
2.2378190359676005,-4.8262511823228476
2.2651246234110056,-4.814845187412206
2.292115669275091,-4.802541907868683
2.3187772485209797,-4.789387049170384
2.3450944361098074,-4.775426316795402
2.3710523070026963,-4.7607054162218425
2.3966359361607723,-4.745270052927808
2.4218303985451675,-4.7291659323913935
2.4466207691170068,-4.712438760090704
2.4709921228374156,-4.695134241503839
2.494929534667525,-4.677298082108898
2.518418079568461,-4.658975987383983
2.5414428325013483,-4.640213662807198
2.5639888684273187,-4.621056813856636
2.5860413266289637,-4.6015509494802265
2.6075902657330516,-4.5817265478807485
2.628634050815157,-4.561588707431763
2.6491718475299826,-4.5411400803878985
2.6692028215322323,-4.520383319003787
2.6887261384766146,-4.499321075534047
2.7077409640178347,-4.477956002233308
2.7262464638105945,-4.4562907513562
2.7442418035096052,-4.434327975157344
2.761726148769568,-4.4120703258913725
2.778698665245189,-4.389520455812909
2.795158518591177,-4.366681017176578
2.811104874462234,-4.343554662237011
2.826536898513067,-4.320144043248832
2.8414537563983795,-4.296451812466669
2.8558546137728813,-4.272480622145148
2.8697386362912747,-4.248233124538894
2.8831049896082646,-4.223711971902537
2.895952839378559,-4.1989198164907
2.9082813512568624,-4.173859310558011
2.9200896908978793,-4.148533106359099
2.931377023956317,-4.122943856148587
2.942142516086881,-4.097094212181101
2.952385332944275,-4.070986826711275
2.9621046401832056,-4.044624351993728
2.971299603458379,-4.018009440283088
2.9799693884244993,-3.991144743833987
2.9881131607362734,-3.964032914901045
2.9957323938508145,-3.9366766057388904
3.0028556249237486,-3.9090784686021545
3.009528964038174,-3.8812411557454567
3.0157988192543295,-3.8531673194234273
3.021711598632455,-3.8248596118906963
3.0273137102327943,-3.796320685401884
3.0326515621155847,-3.7675531922116186
3.03777156234107,-3.7385597845745324
3.0427201189694895,-3.709343114745244
3.047543640061085,-3.679905834978384
3.0522885336760965,-3.6502505975285793
3.0554310317152806,-3.630360661382446
3.0585729605502356,-3.61037581978806
3.0617280707173298,-3.5902968585986446
3.064910112752929,-3.570124563667422
3.0681326219017993,-3.5498597208476164
3.0713998346915727,-3.529503115992449
3.0747033413914497,-3.5090555349551424
3.078033827564628,-3.488517763588921
3.081381978774307,-3.4678905877470028
3.0847384805836846,-3.447174793282617
3.088094018555961,-3.4263711660489844
3.0914392782543336,-3.4054804918993264
3.0947649452420025,-3.384503556686866
3.0980617050821664,-3.3634411462648264
3.101320243338024,-3.3422940464864297
3.104531245572774,-3.321063043204898
3.1076853973496146,-3.299748922273453
3.110773384231746,-3.2783524695453212
3.1137858917823653,-3.2568744708737247
3.116713605564674,-3.2353157121118836
3.1195472111418683,-3.2136769791130235
3.122277394077148,-3.191959057730365
3.1248948399337135,-3.170162733817131
3.127390234274762,-3.1482887932265444
3.1297542626634915,-3.126338021811825
3.131978483313883,-3.1043114057025933
3.134062016687589,-3.0822116665906196
3.136007863035944,-3.0600424165929128
3.1378190542602806,-3.037807275090267
3.1394986222619385,-3.0155098614634754
3.1410495989422555,-2.9931537950933347
3.142475016202565,-2.9707426953606384
3.1437779059442073,-2.9482801816461808
3.144961300068518,-2.925769873330752
3.146028230476834,-2.9032153897951556
3.146981729070493,-2.880620350420181
3.1478248277508323,-2.8579883745866237
3.1485605584191876,-2.8353230816752766
3.149191952976897,-2.8126280910669355
3.1497220433252955,-2.789907022142394
3.150153861365724,-2.767163494282448
3.150490438999516,-2.7444011268678867
3.1507348081280093,-2.721623539279513
3.150890000652542,-2.6988343508981174
3.1509590484744505,-2.676037181104494
3.1509449834950707,-2.653235649279438
3.150850837615742,-2.630433374803743
3.150679642737797,-2.607633977058204
3.1504344307625787,-2.5848410754236157
3.150118233591419,-2.5620582892807677
3.1497340831256575,-2.539289238010463
3.1492850112666315,-2.516537540993493
3.148774049915675,-2.4938068176106505
3.148204230974129,-2.4711006872427306
3.1475785863433288,-2.448422769270528
3.146900147924611,-2.4257766830748375
3.1461719476193117,-2.4031660480364527
3.1453970173287695,-2.3805944835361688
3.144578388954321,-2.358065608954777
3.1437190943973037,-2.335583043673078
3.1428221655590525,-2.3131504070718627
3.1418906343409074,-2.2907713185319256
3.1409275326442034,-2.2684493974340625
3.1399358923702776,-2.246188263159066
3.1389187454204683,-2.223991535087732
3.13787912369611,-2.2018628326008547
3.1368200590985427,-2.1798059133438485
3.135744583529101,-2.1578276529082916
3.1346557288891232,-2.1359380106953787
3.133556527079947,-2.114147077543369
3.132450010002907,-2.0924649442905205
3.131339209559342,-2.070901701775093
3.1302271576505887,-2.0494674408353446
3.129116886177984,-2.0281722523095347
3.128011427042864,-2.007026227035918
3.1269138121465674,-1.9860394558527605
3.1258270733904303,-1.9652220259139963
3.12475424267579,-1.9445779407185995
3.1236983519039834,-1.92409271676664
3.1226624329763455,-1.9037483718956538
3.121649517794217,-1.8835269239431782
3.1206626382589326,-1.8634103907467503
3.119704826271829,-1.843380790143906
3.1183292422281887,-1.8134600518722215
3.117036114612979,-1.7836337622722471
3.1158356760932095,-1.7538413671785136
3.1147381593358943,-1.7240396377347171
3.113753797008045,-1.6942194964176531
3.1128928217766747,-1.6643758605985817
3.1121654663087943,-1.6345036476487655
3.1115819632714175,-1.6045977749394553
3.111152545331556,-1.5746531598419125
3.1108874451562234,-1.5446647197273988
3.1108070525218565,-1.5246455691459497
3.1108072697583995,-1.5046031758689964
3.1108911287671903,-1.4845360339324734
3.1110616614495656,-1.464442637372306
3.111321899706863,-1.4443214802244224
3.111674875440418,-1.4241710565247512
3.1121236205515688,-1.4039898603092202
3.1126711669416514,-1.383776385613758
3.1133205465120044,-1.3635291264742924
3.1140747606922825,-1.3432465699824754
3.1149331727501575,-1.3229263741189554
3.1158881062569352,-1.3025645925681275
3.1169310796061485,-1.282157095520142
3.118053611191326,-1.2616997531651515
3.1192472194060015,-1.24118843569331
3.120503422643703,-1.22061901329477
3.12181373929796,-1.1999873561596852
3.123169687762307,-1.1792893344782087
3.1245627864302734,-1.1585208184404903
3.125984553695388,-1.1376776782366904
3.1274265079511827,-1.1167557840569589
3.128880167591188,-1.0957510060914484
3.1303370510089357,-1.0746592145303124
3.1317886765979557,-1.0534762795637045
3.1332265627517772,-1.0321980713817778
3.134642227863933,-1.0108204601746853
3.136027190327953,-0.9893393161325765
3.1373729685373686,-0.9677505094456127
3.1386710808857083,-0.9460499103039428
3.1399130457665057,-0.9242333888977203
3.1410903815732896,-0.9022970467790123
3.142194606699592,-0.8802448401935761
3.143217239538941,-0.8580903146734128
3.1441497984848694,-0.8358475983665395
3.1449838019309087,-0.8135308194209734
3.1457107682705874,-0.7911541059847271
3.1463222158974378,-0.7687315862058259
3.1468096632049893,-0.7462773882322828
3.147164628586774,-0.7238056402121148
3.1473786304363207,-0.7013304702933388
3.147443187147162,-0.6788660066239721
3.1473498171128282,-0.6564263773520314
3.1470900387268492,-0.6340257106255339
3.1466553703827556,-0.6116781345924929
3.14603733047408,-0.5893977774009329
3.1452274373943494,-0.5671987671988674
3.1442172095370977,-0.545095232134313
3.142998165295855,-0.523101300355287
3.141561823064152,-0.5012311000098062
3.1398997012355188,-0.47949875924588803
3.138003318203486,-0.4579184062115492
3.135865109582206,-0.43650295676218975
3.1334846802617546,-0.415255851104694
3.130865007827751,-0.39417607174645086
3.128009089505601,-0.37326257523689976
3.1249199225207134,-0.3525143181254797
3.1216005040984935,-0.3319302569616302
3.11805383146435,-0.31150934829479043
3.1142829018436906,-0.2912505486743996
3.1102907124619206,-0.2711528146498971
3.1060802605444486,-0.25121510277071873
3.1016545433166827,-0.23143636958631084
3.097016558004028,-0.21181557164610912
3.0921693018318934,-0.19235166549955274
3.0845125911427447,-0.1634476958447001
3.0764018804126816,-0.13489086331614913
3.067847285277452,-0.1066776462682506
3.0588589213728063,-0.0788045230553655
3.049446904334496,-0.05126797203185457
3.0396213497982663,-0.024064471552068926
3.0293923733998716,0.002809500029630589
3.0187700907750585,0.02935746435888324
3.0077646175595767,0.055582943081337835
2.996386069389176,0.08148945784263353
2.9846445618996085,0.10708053028840975
2.9725502107266193,0.132359682064315
2.9601131315059597,0.15733043481598874
2.9473434398733813,0.18199631018907036
2.93425125146463,0.20636082982920817
2.920846681915458,0.23042751538204165
2.9071398468616128,0.25419988849321323
2.893140861938848,0.2776814708083626
2.8788598427653156,0.30087578397534714
2.8643054834857287,0.3237865281624485
2.8494811819922967,0.3464180686852927
2.8343891029344546,0.36877492574037596
2.8190314109616423,0.3908616195241867
2.8034102707233,0.41268267023321303
2.7875278468688625,0.4342425980639512
2.7713863040477698,0.45554592321288917
2.75498780690946,0.4765971658765157
2.7383345201033698,0.49740084625132636
2.721428608278938,0.5179614845338096
2.704272236085605,0.5382836009204541
2.6868675681728056,0.5583717156077553
2.6692167691899797,0.578230348792202
2.651322003786567,0.5978640206702824
2.6331854366120027,0.6172772514384923
2.614809232315724,0.6364745612933199
2.596195555547175,0.6554604704312542
2.5773465709557875,0.6742394990487907
2.5582644431910015,0.6928161673424175
2.538951336902259,0.7111949955086236
2.5194094167389927,0.7293805037439044
2.499640847350643,0.7473772122447484
2.479647793386648,0.7651896412076464
2.459432419496448,0.7828223108290874
2.4389968903294768,0.8002797413055664
2.4183433705351747,0.8175664528335722
2.397474024762983,0.8346869656095935
2.3763910182604393,0.8516452062597306
2.3550965286844354,0.8684327861558298
2.3335927453959853,0.88502970128908
2.3118818582130056,0.9014154942052255
2.2899660569534235,0.9175697074500051
2.2678475314351605,0.9334718835691571
2.2455284714761357,0.9491015651084264
2.2230110668942737,0.9644382946135516
2.2002975075074986,0.9794616146302707
2.1773899831337276,0.9941510677043283
2.1542906835908857,1.0084861963814635
2.1310017986968974,1.022446543207415
2.10752551826968,1.0360116507279262
2.083864032127158,1.0491610614887368
2.060019530087256,1.061874318035585
2.0359942019678914,1.074130962914215
2.0117902375869883,1.0859105386703654
1.9874098267624725,1.0971925878497755
1.9628551593122607,1.107956652998189
1.9381284250542767,1.1181822766613445
1.9132318138064437,1.1278490013849827
1.8881675153866868,1.1369363697148438
1.8629377196129213,1.1454239241966693
1.8375446163030733,1.1532912073761994
1.8119903952750682,1.1605177617991735
1.7862772463468208,1.1670831300113342
1.7604073593362575,1.172966854558421
1.7343829240708228,1.178148478067613
1.7082072074672638,1.1826167570509898
1.6818875205189132,1.1863950427898697
1.6554321231741085,1.1895148043345385
1.6288492753811776,1.1920075107352837
1.6021472370884575,1.1939046310423906
1.575334268244286,1.1952376343061466
1.5484186287969903,1.1960379895768376
1.521408578694907,1.1963371659047504
1.4943123778863747,1.196166632340171
1.4671382863197198,1.1955578579333863
1.4398945639432799,1.194542311734682
1.412589470705393,1.1931514627943456
1.3852312665543853,1.191416780162662
1.3578282114385951,1.1893697328899193
1.3303885653063598,1.187041790026403
1.3029205881060062,1.184464420622399
1.2754325397858721,1.1816690937281948
1.2479326802942912,1.1786872783940767
1.220429269579601,1.175550443670331
1.1929305675901287,1.1722900586072433
1.1654448342742123,1.1689375922551009
1.1379803295801887,1.1655245136641905
1.110545313456385,1.1620822918847975
1.0831480458511393,1.158642395967209
1.0557967867127884,1.1552362949617117
1.0284997959896596,1.1518954579185907
1.0012653336300903,1.148651353888134
0.9741012019896428,1.1455351175196191
0.9469961345501655,1.1425639482541445
0.9199133266427193,1.1397363826870939
0.8928141874410456,1.1370496521204971
0.8656601261188761,1.1345009878563836
0.8384125518499517,1.1320876211967845
0.8110328738080139,1.1298067834437298
0.7834825011667945,1.1276557058992487
0.7557228431000346,1.125631619865372
0.7277153087814756,1.1237317566441307
0.6994213073848489,1.1219533475375534
0.6708022480838961,1.120293623847671
0.6418195400523585,1.118749816876514
0.6124345924639674,1.1173191579261117
0.5826288835170872,1.1159988782984949
0.5626320489605191,1.1151786464678193
0.5327563074860063,1.1140361797160225
0.5033991631020593,1.1129967090924249
0.4749826985490927,1.1120574658990563
0.44792899656753166,1.1112156814379477
0.4226601398978003,1.1104685870111284
0.3995943115326775,1.1098134139206282
0.3789526303878222,1.109247393468478
0.35508539732605526,1.1086265960102568
0.33083463909716465,1.1080565609624276
0.30938934207772956,1.1076576763540287