-2.510807918729505150e-01, 2.235068131669695202e+00
-2.274148993268486907e-01, 2.234370067922438530e+00
-2.037407830064259517e-01, 2.233739087714677662e+00
-1.800586998095211055e-01, 2.233173066055867295e+00
-1.563689066339737643e-01, 2.232669877955468785e+00
-1.326716603776232906e-01, 2.232227398422939935e+00
-1.089672179383087691e-01, 2.231843502467738549e+00
-8.525583621386968736e-02, 2.231516065099323320e+00
-6.153777210214519955e-02, 2.231242961327151164e+00
-3.781328250097477917e-02, 2.231022066160682105e+00
-1.408262430819754232e-02, 2.230851254609373946e+00
9.653945578347099959e-03, 2.230728401682684048e+00
3.339617026081987544e-02, 2.230651382390071991e+00
5.714379284138135229e-02, 2.230618071740996022e+00
8.089655642219245602e-02, 2.230626344744913059e+00
1.046542041054137340e-01, 2.230674076411283568e+00
1.284164789932058792e-01, 2.230759141749564023e+00
1.521831241877296126e-01, 2.230879415769213558e+00
1.759538827911456826e-01, 2.231032773479690423e+00
1.997284979056147824e-01, 2.231217089890451977e+00
2.235067126332974108e-01, 2.231430240010957800e+00
2.472882700763545383e-01, 2.231670098850665696e+00
2.710729133369467747e-01, 2.231934541419034357e+00
2.948603855172348687e-01, 2.232221442725522031e+00
3.186504297193791801e-01, 2.232528677779586079e+00
3.424427890455406520e-01, 2.232854121590685192e+00
3.662372065978801716e-01, 2.233195649168279395e+00
3.900334254785582933e-01, 2.233551135521824271e+00
4.138311887897355157e-01, 2.233918455660779845e+00
4.376302396335727263e-01, 2.234295484594603920e+00
4.614303211122305903e-01, 2.234680097332754301e+00
4.852311763278698287e-01, 2.235070168884690567e+00
5.090325483826509956e-01, 2.235463574259870523e+00
5.328341803787349784e-01, 2.235858188467751972e+00
5.566358154182822204e-01, 2.236251886517792720e+00
5.804371966034540531e-01, 2.236642543419453233e+00
6.042380670364101425e-01, 2.237028034182189540e+00
6.280381698193120421e-01, 2.237406233815461221e+00
6.518372480543200842e-01, 2.237775017328726079e+00
6.756350448435952671e-01, 2.238132259731442808e+00
6.994313032892978121e-01, 2.238475836033069655e+00
7.232257664935886066e-01, 2.238803621243063979e+00
7.470181775586286488e-01, 2.239113490370885806e+00
7.708082795865782710e-01, 2.239403318425991607e+00
7.945958156795982497e-01, 2.239670980417840962e+00
8.183805289398492500e-01, 2.239914351355891675e+00
8.421621624694921593e-01, 2.240131306249602439e+00
8.659404593706874209e-01, 2.240319720108430612e+00
8.897151627455957001e-01, 2.240477467941835776e+00
9.134860156963782174e-01, 2.240602424759275735e+00
9.372527613251948608e-01, 2.240692465570207403e+00
9.610151427342072950e-01, 2.240745465384091695e+00
9.847729030255755189e-01, 2.240759299210385525e+00
1.008525785301460198e+00, 2.240731842058547141e+00
1.032273532664022664e+00, 2.240660968938034792e+00
1.056015888215422693e+00, 2.240544554858306725e+00
1.079752595057821507e+00, 2.240380474828822077e+00
1.103483396293380103e+00, 2.240166603859038208e+00
1.127208035024258592e+00, 2.239900816958413809e+00
1.150926254352617972e+00, 2.239580989136407130e+00
1.174637797380619020e+00, 2.239204995402476861e+00
1.198342407210421623e+00, 2.238770710766080363e+00
1.222039826944187890e+00, 2.238276010236676772e+00
1.245729799684077488e+00, 2.237718768823724780e+00
1.269412068532251414e+00, 2.237096861536680859e+00
1.293086376590870668e+00, 2.236408163385005476e+00
1.316752466962095358e+00, 2.235650549378155549e+00
1.340410082748086040e+00, 2.234821894525589325e+00
1.364058967051004156e+00, 2.233920073836766385e+00
1.387698862973010261e+00, 2.232942962321144087e+00
1.411329514365170956e+00, 2.231888441332031459e+00
1.434951331308331746e+00, 2.230760035736484515e+00
1.458566614054716215e+00, 2.229577281706496716e+00
1.482177995774275114e+00, 2.228362535500822084e+00
1.505788109636960304e+00, 2.227138153378214636e+00
1.529399588812723199e+00, 2.225926491597429724e+00
1.553015066471515437e+00, 2.224749906417220924e+00
1.576637175783289102e+00, 2.223630754096344475e+00
1.600268549917995387e+00, 2.222591390893552177e+00
1.623911822045584596e+00, 2.221654173067599380e+00
1.647569625336010146e+00, 2.220841456877241882e+00
1.671244592959223230e+00, 2.220175598581233256e+00
1.694939358085174819e+00, 2.219678954438327523e+00
1.718656553883816773e+00, 2.219373880707279589e+00
1.742398813525100953e+00, 2.219282733646843919e+00
1.766168770178978553e+00, 2.219427869515775420e+00
1.789969057015400766e+00, 2.219831644572827223e+00
1.813802307204319675e+00, 2.220516415076754235e+00
1.837671153915686695e+00, 2.221504537286311809e+00
1.861578230319454130e+00, 2.222818367460254407e+00
1.885526169585571843e+00, 2.224480261857334273e+00
1.909516537113543411e+00, 2.226499857922303427e+00
1.933545427766472091e+00, 2.228821630466018000e+00
1.957607189176757911e+00, 2.231369242052316793e+00
1.981696168210222986e+00, 2.234066346113904089e+00
2.005806711732689429e+00, 2.236836596083488615e+00
2.029933166609979800e+00, 2.239603645393775988e+00
2.054069879707916435e+00, 2.242291147477474045e+00
2.078211197892320339e+00, 2.244822755767289735e+00
2.102351468029016068e+00, 2.247122123695930007e+00
2.126485036983823296e+00, 2.249112904696102255e+00
2.150606251622566578e+00, 2.250718752200512984e+00
2.174709458811065588e+00, 2.251863319641868255e+00
2.198789005415144882e+00, 2.252470260452877238e+00
2.222839238300625908e+00, 2.252463228066245104e+00
2.246854504333330116e+00, 2.251765875914678805e+00
2.270829150379080730e+00, 2.250301857430886621e+00
2.294757523303700530e+00, 2.247994826047574612e+00
2.318633969973010078e+00, 2.244768435197450174e+00
2.342452837252832154e+00, 2.240546338313219810e+00
2.366208420635510290e+00, 2.235252231214433394e+00
2.389865339861494409e+00, 2.228834294365535929e+00
2.413308816082956110e+00, 2.221306217817604178e+00
2.436410932292513376e+00, 2.212692531555016107e+00
2.459043771482786855e+00, 2.203017765562151009e+00
2.481079416646397195e+00, 2.192306449823387293e+00
2.502389950775962379e+00, 2.180583114323103811e+00
2.522847456864104387e+00, 2.167872289045677192e+00
2.542324017903442090e+00, 2.154198503975486734e+00
2.560691716886594360e+00, 2.139586289096912175e+00
2.577822636806182732e+00, 2.124060174394330591e+00
2.593588860654826522e+00, 2.107644689852120390e+00
2.607862471425144602e+00, 2.090364365454661311e+00
2.620515552109757618e+00, 2.072243731186329985e+00
2.631434150881408307e+00, 2.053308676879315176e+00
2.640643433582895661e+00, 2.033598638833324035e+00
2.648248394756900215e+00, 2.013160826601376296e+00
2.654354977043309471e+00, 1.992042542056669419e+00
2.659069123082006936e+00, 1.970291087072402414e+00
2.662496775512879665e+00, 1.947953763521772963e+00
2.664743876975811165e+00, 1.925077873277978968e+00
2.665916370110688050e+00, 1.901710718214220774e+00
2.666120197557395155e+00, 1.877899600203694064e+00
2.665461301955817319e+00, 1.853691821119597405e+00
2.664045625945839824e+00, 1.829134682835129366e+00
2.661979112167349726e+00, 1.804275487223488295e+00
2.659367703260229643e+00, 1.779161536157872536e+00
2.656317341864367076e+00, 1.753840131511479328e+00
2.652933970619645976e+00, 1.728358575157507460e+00
2.649323532165952066e+00, 1.702764168969154390e+00
2.645591969143170186e+00, 1.677104214819619354e+00
2.641845224191186503e+00, 1.651426014582099810e+00
2.638189239949884968e+00, 1.625776870129794105e+00
2.634729959059152637e+00, 1.600204083335900584e+00
2.631573308027126412e+00, 1.574754949462715770e+00
2.628797837531078763e+00, 1.549465544969183872e+00
2.626398685447565384e+00, 1.524337763176097926e+00
2.624355159881692767e+00, 1.499367010255279853e+00
2.622646568938568290e+00, 1.474548692378551351e+00
2.621252220723297111e+00, 1.449878215717734564e+00
2.620151423340986607e+00, 1.425350986444651857e+00
2.619323484896742826e+00, 1.400962410731125152e+00
2.618747713495671814e+00, 1.376707894748976146e+00
2.618403417242880060e+00, 1.352582844670027873e+00
2.618269904243473611e+00, 1.328582666666100698e+00
2.618326482602559846e+00, 1.304702766909017653e+00
2.618552460425244366e+00, 1.280938551570600437e+00
2.618927145816634550e+00, 1.257285426822671637e+00
2.619429846881835111e+00, 1.233738798837053396e+00
2.620039871725954317e+00, 1.210294073785566527e+00
2.620736528454096881e+00, 1.186946657840033614e+00
2.621499125171370181e+00, 1.163691957172277247e+00
2.622306969982880265e+00, 1.140525377954118680e+00
2.623139370993733621e+00, 1.117442326357380944e+00
2.623975636309037185e+00, 1.094438208553885072e+00
2.624795074033896114e+00, 1.071508430715453208e+00
2.625576992273417343e+00, 1.048648399013907495e+00
2.626302744927278887e+00, 1.025852253578539042e+00
2.626969329091212391e+00, 1.003104453727176271e+00
2.627580963403935321e+00, 9.803849897167288274e-01
2.628141905323529759e+00, 9.576738277806975397e-01
2.628656412308075119e+00, 9.349509341525827910e-01
2.629128741815652148e+00, 9.121962750658841879e-01
2.629563151304339819e+00, 8.893898167541014477e-01
2.629963898232220654e+00, 8.665115254507357312e-01
2.630335240057374513e+00, 8.435413673892856457e-01
2.630681434237881255e+00, 8.204593088032520187e-01
2.631006738231821629e+00, 7.972453159261344569e-01
2.631315409497275493e+00, 7.738793549914331216e-01
2.631611705492322706e+00, 7.503413922326487295e-01
2.631899883675045348e+00, 7.266113938832799990e-01
2.632184201503523280e+00, 7.026693261768277576e-01
2.632468916435835915e+00, 6.784951553467917229e-01
2.632758285930064446e+00, 6.540688476266720564e-01
2.633051342531382844e+00, 6.293785924596986270e-01
2.633323391435522964e+00, 6.044499224897111889e-01
2.633543005973143725e+00, 5.793189652813337531e-01
2.633678759026200744e+00, 5.540218491053864325e-01
2.633699223476644313e+00, 5.285947022326876743e-01
2.633572972206431828e+00, 5.030736529340577023e-01
2.633268578097514911e+00, 4.774948294803159077e-01
2.632754614031849627e+00, 4.518943601422801826e-01
2.631999652891387598e+00, 4.263083731907705287e-01
2.630972267558085775e+00, 4.007729968966065037e-01
2.629641030913894895e+00, 3.753243595306069436e-01
2.627974515840771463e+00, 3.499985893635920720e-01
2.625941295220666660e+00, 3.248318146663794481e-01
2.623509941935537437e+00, 2.998601637097894068e-01
2.620649028867335417e+00, 2.751197647646408950e-01
2.617327128898015776e+00, 2.506467461017532483e-01
2.613512814909533244e+00, 2.264772359919465239e-01
2.609174659783839001e+00, 2.026473627060384752e-01
2.604281236402889110e+00, 1.791932545148492151e-01
2.598801117648637415e+00, 1.561510396891976904e-01
2.592702876403036871e+00, 1.335568464999034033e-01
2.585955085548042653e+00, 1.114468032177856061e-01
2.578526317965607717e+00, 8.985703811366405058e-02
2.570385146537686794e+00, 6.882367945835680956e-02
2.561500144146232394e+00, 4.838285552268375977e-02
2.551839883673200582e+00, 2.857069457746415353e-02
2.541372938000543424e+00, 9.423324893517243117e-03
2.530067880010216097e+00, -9.023125258337205690e-03
2.517893282584171999e+00, -2.673252760728094674e-02
2.504817718604364529e+00, -4.366875388249426282e-02
2.490809760952748420e+00, -5.979567581315789471e-02
2.475837982511277513e+00, -7.507716512845245826e-02
2.459870956161905209e+00, -8.947709355755883998e-02
2.442877254786586683e+00, -1.029593328296574128e-01
2.424827133713178373e+00, -1.154888271338063294e-01
2.405739180260201060e+00, -1.270613294480052446e-01
2.385686363243293862e+00, -1.377072577422008837e-01
2.364744549102575366e+00, -1.474588770507745950e-01
2.342989604278164162e+00, -1.563484524081074911e-01
2.320497395210179725e+00, -1.644082488485816007e-01
2.297343788338738424e+00, -1.716705314065779808e-01
2.273604650103959735e+00, -1.781675651164780494e-01
2.249355846945963133e+00, -1.839316150126632521e-01
2.224673245304867208e+00, -1.889949461295148958e-01
2.199632711620787440e+00, -1.933898235014146205e-01
2.174310112333845080e+00, -1.971485121627437609e-01
2.148781313884156940e+00, -2.003032771478835961e-01
2.123122182711843386e+00, -2.028863834912156272e-01
2.097408585257022562e+00, -2.049300962271212723e-01
2.071716387959811723e+00, -2.064666803899819492e-01
2.046121457260329901e+00, -2.075284010141791036e-01
2.020699310234120194e+00, -2.081475392582082529e-01
1.995496059905547792e+00, -2.083577333565626577e-01
1.970506583544161305e+00, -2.081949862115378691e-01
1.945720616039642303e+00, -2.076955380600825352e-01
1.921127892281670357e+00, -2.068956291391452207e-01
1.896718147159929257e+00, -2.058314996856748513e-01
1.872481115564098797e+00, -2.045393899366199364e-01
1.848406532383861212e+00, -2.030555401289290962e-01
1.824484132508897849e+00, -2.014161904995511732e-01
1.800703650828889169e+00, -1.996575812854347043e-01
1.777054822233517850e+00, -1.978159527235284487e-01
1.753527381612464353e+00, -1.959275450507810823e-01
1.730111063855410025e+00, -1.940285985041411976e-01
1.706795603852037102e+00, -1.921553533205576370e-01
1.683570736492026931e+00, -1.903440497369789652e-01
1.660426196665059084e+00, -1.886309279903538028e-01
1.637351719260817573e+00, -1.870522283176309641e-01
1.614337039168982635e+00, -1.856441909557590419e-01
1.591371891279234063e+00, -1.844430561416866565e-01
1.568446010481256314e+00, -1.834850641123626225e-01
1.545549131664728515e+00, -1.828064551047355879e-01
1.522670989719333345e+00, -1.824434693557542009e-01
1.499801319116823795e+00, -1.824315505358306000e-01
1.476929837329535644e+00, -1.827737415549828826e-01
1.454046239301497456e+00, -1.834301465379313545e-01
1.431140218425468902e+00, -1.843579129096493130e-01
1.408201468094213427e+00, -1.855141880951098055e-01
1.385219681700491812e+00, -1.868561195192860458e-01
1.362184552637064172e+00, -1.883408546071513867e-01
1.339085774296694398e+00, -1.899255407836788756e-01
1.315913040072141937e+00, -1.915673254738417819e-01
1.292656043356170903e+00, -1.932233561026131807e-01
1.269304477541541187e+00, -1.948507800949663693e-01
1.245848036021013794e+00, -1.964067448758746448e-01
1.222276412187351724e+00, -1.978483978703109714e-01
1.198579299433315537e+00, -1.991328865032487849e-01
1.174746391151668234e+00, -2.002173581996610496e-01
1.150767380735169931e+00, -2.010589603845210072e-01
1.126631961576581853e+00, -2.016148404828020102e-01
1.102329827068667667e+00, -2.018421459194771339e-01
1.077850670604186156e+00, -2.016980241195195644e-01
1.053184185575902099e+00, -2.011396225079025435e-01
1.028320065376573833e+00, -2.001240885095992017e-01
1.003248003398965915e+00, -1.986085695495828640e-01
9.779576930358387932e-01, -1.965502130528266611e-01
9.524435566397194686e-01, -1.939076513433937166e-01
9.267551772940142429e-01, -1.906568372815990453e-01
9.009778144435762748e-01, -1.867849261484298695e-01
8.751973261413054095e-01, -1.822792611885234171e-01
8.494995704400952752e-01, -1.771271856465158057e-01
8.239704053928411653e-01, -1.713160427670433195e-01
7.986956890524413710e-01, -1.648331757947430198e-01
7.737612794717901865e-01, -1.576659279742509689e-01
7.492530347037854588e-01, -1.498016425502042281e-01
7.252568128013223703e-01, -1.412276627672391094e-01
7.018584718172953263e-01, -1.319313318699915638e-01
6.791438698046032840e-01, -1.218999931030991524e-01
6.571988648161398716e-01, -1.111209897111973405e-01
6.361093149048032691e-01, -9.958166493892380011e-02
6.159610781234886590e-01, -8.726936203091453792e-02
5.968400125250906685e-01, -7.417142423180533850e-02
5.788319761625079218e-01, -6.027519478623413057e-02
5.620228270886341582e-01, -4.556801693883600485e-02
5.464984233563672245e-01, -3.003723393424901494e-02
5.323443889724823741e-01, -1.367026525729216416e-02
5.196019380073177985e-01, 3.531003135039005592e-03
5.082156431324095225e-01, 2.153320449070035905e-02
4.981173712400440712e-01, 4.029883316854919462e-02
4.892389892225100789e-01, 5.979038352743861612e-02
4.815123639720941817e-01, 7.997034992622598093e-02
4.748693623810847364e-01, 1.008012267237643894e-01
4.692418513417690451e-01, 1.222455082789101477e-01
4.645616977464342434e-01, 1.442656889505196660e-01
4.607607684873685217e-01, 1.668242630974458018e-01
4.577709304568591819e-01, 1.898837250785463393e-01
4.555240505471940260e-01, 2.134065692526739277e-01
4.539519956506603560e-01, 2.373552899786850190e-01
4.529866326595459181e-01, 2.616923816154362314e-01
4.525598284661384030e-01, 2.863803385217801312e-01
4.526034499627253349e-01, 3.113816550565747243e-01
4.530493640415941270e-01, 3.366588255786724937e-01
4.538294375950325810e-01, 3.621743444469299744e-01
4.548755375153281655e-01, 3.878907060202038126e-01
4.561195306947684602e-01, 4.137704046573465466e-01
4.574932840256412669e-01, 4.397759347172160993e-01
4.589286644002338322e-01, 4.658697905586648980e-01
4.603575387108341799e-01, 4.920144665405498108e-01
4.617117738497293900e-01, 5.181724570217270953e-01
4.629232367092075418e-01, 5.443062563610496785e-01
4.639237941815559374e-01, 5.703783589173753166e-01
4.646453131590622121e-01, 5.963512590495563259e-01
4.650196605340138900e-01, 6.221874511164494637e-01
4.649787031986988284e-01, 6.478494294769114870e-01
4.644543080454043293e-01, 6.732996884897947121e-01
4.633783419664180836e-01, 6.985007225139572284e-01
4.616826718540277263e-01, 7.234150259082514633e-01
4.592991646005208928e-01, 7.480050930315339519e-01
4.561596870981849405e-01, 7.722334182426615623e-01
4.521961062393076158e-01, 7.960624959004862777e-01
4.473402889161765539e-01, 8.194548203638668538e-01
4.415241041779056075e-01, 8.423728836819848187e-01
4.346923617482280622e-01, 8.647653201869426320e-01
4.268333648525613477e-01, 8.865341885369203423e-01
4.179445443235815238e-01, 9.075717729538499423e-01
4.080233309939625963e-01, 9.277703576596683099e-01
3.970671556963809024e-01, 9.470222268763073270e-01
3.850734492635102812e-01, 9.652196648257037603e-01
3.720396425280273478e-01, 9.822549557297902689e-01
3.579631663226063298e-01, 9.980203838105012881e-01
3.428414514799216772e-01, 1.012408233289773030e+00
3.266719288326501158e-01, 1.025310788389537597e+00
3.094520363702142896e-01, 1.036620355440117214e+00
2.911939229525897233e-01, 1.046274685091959977e+00
2.719553756190500327e-01, 1.054352511904202983e+00
2.518030053519264011e-01, 1.060959829060262649e+00
2.308034231335529540e-01, 1.066202629743552732e+00
2.090232399462594592e-01, 1.070186907137489207e+00
1.865290667723805140e-01, 1.073018654425486940e+00
1.633875145942471352e-01, 1.074803864790961461e+00
1.396651943941899787e-01, 1.075648531417327636e+00
1.154287171545438084e-01, 1.075658647488000552e+00
9.074469385763798968e-02, 1.074940206186395519e+00
6.567973548580746668e-02, 1.073599200695927847e+00
4.030045302138295094e-02, 1.071741624200012621e+00
1.467345744669514354e-02, 1.069473469882064709e+00
-1.113464025592104251e-02, 1.066900730925499863e+00
-3.705722910413635635e-02, 1.064129400513732948e+00
-6.302769811561580171e-02, 1.061265471830179052e+00
-8.897943630802866710e-02, 1.058414938058253707e+00
-1.148458326990443867e-01, 1.055683792381371777e+00
-1.405602763063278637e-01, 1.053178027982948350e+00
-1.660561561475498993e-01, 1.051003638046398736e+00
-1.912776192244961537e-01, 1.049246637162376761e+00
-2.162293102626001717e-01, 1.047880689933836651e+00
-2.409370049875873832e-01, 1.046840218700047842e+00
-2.654265011883710779e-01, 1.046059604826863110e+00
-2.897235966538643237e-01, 1.045473229680134342e+00
-3.138540891729763582e-01, 1.045015474625715868e+00
-3.378437765346217203e-01, 1.044620721029459576e+00
-3.617184565277096198e-01, 1.044223350257218685e+00
-3.855039269411532077e-01, 1.043757743674846195e+00
-4.092259855638655797e-01, 1.043158282648194435e+00
-4.329104301847560565e-01, 1.042359348543117070e+00
-4.565830585927390661e-01, 1.041295322725466210e+00
-4.802696685767239293e-01, 1.039900586561095519e+00
-5.039960579256237416e-01, 1.038109521415857328e+00
-5.277880244283517097e-01, 1.035856508655604413e+00
-5.516713658738169324e-01, 1.033075929646190216e+00
-5.756718800509339484e-01, 1.029702165753466847e+00
-5.998153647486120787e-01, 1.025669598343287969e+00
-6.241168533223743209e-01, 1.020916834471310430e+00
-6.485047276563775664e-01, 1.015416497125642525e+00
-6.728655707903968830e-01, 1.009157617863624790e+00
-6.970856961311974187e-01, 1.002129334089828738e+00
-7.210514170855386595e-01, 9.943207832088283293e-01
-7.446490470601835332e-01, 9.857211026251948560e-01
-7.677648994618957445e-01, 9.763194297435013880e-01
-7.902852876974346685e-01, 9.661049019683208838e-01
-8.120965251735651202e-01, 9.550666567042249699e-01
-8.330849252970466967e-01, 9.431938313557874931e-01
-8.531368014746423256e-01, 9.304755633275801907e-01
-8.721384671131153787e-01, 9.169009900241750222e-01
-8.899762356192261192e-01, 9.024592488501463894e-01
-9.065364203997384740e-01, 8.871394772100646975e-01
-9.217053348614122621e-01, 8.709308125085043484e-01
-9.353692924110108553e-01, 8.538223921500373015e-01
-9.474146066002657740e-01, 8.358033535853032214e-01
-9.577664936606692381e-01, 8.168751967367026134e-01
-9.664986020593352434e-01, 7.970865902392252345e-01
-9.737199757557529756e-01, 7.764974506875821358e-01
-9.795396587094130636e-01, 7.551676946764805942e-01
-9.840666948798051372e-01, 7.331572388006321050e-01
-9.874101282264194923e-01, 7.105259996547445001e-01
-9.896790027087459807e-01, 6.873338938335258330e-01
-9.909823622862754533e-01, 6.636408379316880435e-01
-9.914292509184965407e-01, 6.395067485439374089e-01
-9.911287125649007601e-01, 6.149915422649859797e-01
-9.901897911849770750e-01, 5.901551356895415879e-01
-9.887215307382161145e-01, 5.650574454123118429e-01
-9.868329751841076192e-01, 5.397583880280087953e-01
-9.846331684821422181e-01, 5.143178801313390558e-01
-9.822311545918089859e-01, 4.887958383170144527e-01
-9.797359774725987736e-01, 4.632521791797428734e-01
-9.772566810840014329e-01, 4.377468193142319830e-01
-9.749023093855071487e-01, 4.123396753151939431e-01
-9.727819010564771052e-01, 3.870906608455440545e-01
-9.709772407557389906e-01, 3.620445567753869942e-01
-9.694793724562396076e-01, 3.371957602159305067e-01
-9.682604788950861519e-01, 3.125281955786255450e-01
-9.672927428093871516e-01, 2.880257872749273362e-01
-9.665483469362493585e-01, 2.636724597162855566e-01
-9.659994740127804125e-01, 2.394521373141552667e-01
-9.656183067760887306e-01, 2.153487444799877248e-01
-9.653770279632815088e-01, 1.913462056252340504e-01
-9.652478203114664979e-01, 1.674284451613491931e-01
-9.652028665577511157e-01, 1.435793874997829400e-01
-9.652143494392434464e-01, 1.197829570519905878e-01
-9.652544516930511298e-01, 9.602307822942174331e-02
-9.652953560562811397e-01, 7.228367544353152263e-02
-9.653092452660420042e-01, 4.854867310577107992e-02
-9.652683020594406971e-01, 2.480199562759153459e-02
-9.651447091735854134e-01, 1.027567420447933477e-03
-9.649106493455837930e-01, -2.279068710420988075e-02
-9.645383053125430317e-01, -4.666884353492686127e-02
-9.639998598115709916e-01, -7.062297746025186784e-02
-9.632636984013228654e-01, -9.466413282203207935e-02
-9.622590581427072909e-01, -1.187514778306893448e-01
-9.608921042743160390e-01, -1.428136081912722566e-01
-9.590687047519053099e-01, -1.667787256789051986e-01
-9.566947275312307486e-01, -1.905750320687165933e-01
-9.536760405680486663e-01, -2.141307291358348908e-01
-9.499185118181152632e-01, -2.373740186553845999e-01
-9.453280092371861842e-01, -2.602331024024953088e-01
-9.398104007810180738e-01, -2.826361821522916928e-01
-9.332715544053664658e-01, -3.045114596799019524e-01
-9.256173380659872274e-01, -3.257871367604546209e-01
-9.167536197186372249e-01, -3.463914151690741794e-01
-9.065862673190717702e-01, -3.662524966808901605e-01
-8.950457805862301885e-01, -3.853153117850720011e-01
-8.821948822751759511e-01, -4.036145905253371580e-01
-8.681404720878174164e-01, -4.212150658122563174e-01
-8.529894808032099096e-01, -4.381814916625060841e-01
-8.368488392004047594e-01, -4.545786220927660604e-01
-8.198254780584570689e-01, -4.704712111197126290e-01
-8.020263281564191660e-01, -4.859240127600247261e-01
-7.835583202733430452e-01, -5.010017810303811769e-01
-7.645283851882848092e-01, -5.157692699474587528e-01
-7.450434536802952312e-01, -5.302912335279368339e-01
-7.252104565284295257e-01, -5.446324257884919140e-01
-7.051363245117401313e-01, -5.588576007458029293e-01
-6.849279884092795978e-01, -5.730315124165488161e-01
-6.646923790001029175e-01, -5.872189148174060680e-01
-6.445364270632614190e-01, -6.014845619650542874e-01
-6.245670633778106495e-01, -6.158932078761698570e-01
-6.048911455842084228e-01, -6.305095602723508330e-01
-5.855795420862549561e-01, -6.453755464991621782e-01
-5.666091537173523207e-01, -6.604736145470447850e-01
-5.479417364870227125e-01, -6.757766260741104869e-01
-5.295390464047908807e-01, -6.912574427384686748e-01
-5.113628394801779109e-01, -7.068889261982326255e-01
-4.933748717227087743e-01, -7.226439381115117300e-01
-4.755368991419050562e-01, -7.384953401364174885e-01
-4.578106777472890077e-01, -7.544159939310626228e-01
-4.401579635483854891e-01, -7.703787611535565238e-01
-4.225405125547154195e-01, -7.863565034620119132e-01
-4.049200807758037701e-01, -8.023220825145385149e-01
-3.872584242211724037e-01, -8.182483599692478293e-01
-3.695236285294285494e-01, -8.341121469385824883e-01
-3.517139553066127577e-01, -8.499090832220380642e-01
-3.338366488376331986e-01, -8.656404134783379778e-01
-3.158989549165744926e-01, -8.813073833078697294e-01
-2.979081193375177072e-01, -8.969112383110232622e-01
-2.798713878945440769e-01, -9.124532240881888523e-01
-2.617960063817378336e-01, -9.279345862397537781e-01
-2.436892205931791289e-01, -9.433565703661087598e-01
-2.255582763229523613e-01, -9.587204220676417421e-01
-2.074104193651384875e-01, -9.740273869447423349e-01
-1.892528955138188806e-01, -9.892787105978004814e-01
-1.710929505630776615e-01, -1.004475638627203793e+00
-1.529378303069951761e-01, -1.019619416633343434e+00
-1.347947805396555176e-01, -1.034711290216606239e+00
-1.166689352662994561e-01, -1.049752095108636984e+00
-9.855321279069644003e-02, -1.064740296143874998e+00
-8.043614915445233826e-02, -1.079673507620825701e+00
-6.230627474627591089e-02, -1.094549342740845477e+00
-4.415211995487787477e-02, -1.109365414705289821e+00
-2.596221516896911330e-02, -1.124119336715513340e+00
-7.725090777258343186e-03, -1.138808721972873528e+00
1.057072283154462944e-02, -1.153431183678726102e+00
2.893669526873000886e-02, -1.167984335034426557e+00
4.738429614559010183e-02, -1.182465789241333276e+00
6.592499507341101350e-02, -1.196873159500798867e+00
8.457026166348499685e-02, -1.211204059014179935e+00
1.033315655271022787e-01, -1.225456100982834196e+00
1.222203762755531276e-01, -1.239626898608116257e+00
1.412481635201297270e-01, -1.253714065091383834e+00
1.604263968721182376e-01, -1.267715213633990423e+00
1.797665459428108847e-01, -1.281627957437293075e+00
1.992800803434979229e-01, -1.295449909702647728e+00
2.189784696854695234e-01, -1.309178683631410323e+00
2.388731835800182446e-01, -1.322811892424939018e+00
2.589756916384298169e-01, -1.336347149284585978e+00
2.792974634719965765e-01, -1.349782067411709141e+00
2.998499686920088614e-01, -1.363114260007664447e+00
3.206446769097567318e-01, -1.376341340273807390e+00
3.416930577365330235e-01, -1.389460921411496130e+00
3.630065807836230229e-01, -1.402470616622083277e+00
3.845805935260461772e-01, -1.415376412953956331e+00
4.062846758713227757e-01, -1.428249621203770081e+00
4.279293416767900315e-01, -1.441192231109264865e+00
4.493247632621145127e-01, -1.454306409803050704e+00
4.702811129469550711e-01, -1.467694324417730067e+00
4.906085630509784967e-01, -1.481458142085912977e+00
5.101172858938488597e-01, -1.495700029940206566e+00
5.286174537952299524e-01, -1.510522155113217524e+00
5.459192390747880097e-01, -1.526026684737556316e+00
5.618328140521831049e-01, -1.542315785945825413e+00
5.761683510470811953e-01, -1.559491625870634834e+00
5.887388806855403667e-01, -1.577652530376329576e+00
5.994402828979480402e-01, -1.596785484428369317e+00
6.082620790360970808e-01, -1.616751628603818602e+00
6.151988173318171382e-01, -1.637405347872713968e+00
6.202450460169401936e-01, -1.658601027205097278e+00
6.233953133232968957e-01, -1.680193051571009955e+00
6.246441674827187818e-01, -1.702035805940491864e+00
6.239861567270367226e-01, -1.723983675283587313e+00
6.214158292880817003e-01, -1.745891044570330397e+00
6.169277333976850297e-01, -1.767612298770765200e+00
6.105164172876776929e-01, -1.789001822854931811e+00
6.021798511450391356e-01, -1.809917507976561257e+00
5.920025535894800628e-01, -1.830305924038843735e+00
5.801601873255437525e-01, -1.850207028464618819e+00
5.668327569146622835e-01, -1.869665227404772923e+00
5.522002669182685120e-01, -1.888724927010190457e+00
5.364427218977941836e-01, -1.907430533431758279e+00
5.197401264146754851e-01, -1.925826452820356582e+00
5.022724850303440514e-01, -1.943957091326870890e+00
4.842198023062328494e-01, -1.961866855102186058e+00
4.657620828037749572e-01, -1.979600150297186945e+00
4.470793310844014545e-01, -1.997201383062759072e+00
4.283515517095494718e-01, -2.014714959549782414e+00
4.097587492406500886e-01, -2.032185285909144046e+00
3.914809044467832955e-01, -2.049656763312695418e+00
3.736521763043316180e-01, -2.067164203791207910e+00
3.562654160251484958e-01, -2.084712847854789164e+00
3.392863217307917623e-01, -2.102302253677731603e+00
3.226805915428131999e-01, -2.119931979434330316e+00
3.064139235827664787e-01, -2.137601583298879504e+00
2.904520159722056016e-01, -2.155310623445675144e+00
2.747605668326825179e-01, -2.173058658049011438e+00
2.593052742857546167e-01, -2.190845245283180809e+00
2.440518364529737361e-01, -2.208669943322477902e+00
2.289659514558940179e-01, -2.226532310341198695e+00
2.140133174160689933e-01, -2.244431904513636500e+00
1.991596324550509722e-01, -2.262368284014087738e+00
1.843705946943969554e-01, -2.280341007016843058e+00
1.696134655107927325e-01, -2.298349637717668870e+00
1.548735860309619905e-01, -2.316393809953344096e+00
1.401479176849476371e-01, -2.334473202320654472e+00
1.254336136049687966e-01, -2.352587494154799508e+00
1.107278269232492424e-01, -2.370736364790975603e+00
9.602771077200812633e-02, -2.388919493564380936e+00
8.133041828346607161e-02, -2.407136559810215903e+00
6.663310258984378454e-02, -2.425387242863677795e+00
5.193291682336031306e-02, -2.443671222059969228e+00
3.722701411623957624e-02, -2.461988176734282163e+00
2.251254760070063587e-02, -2.480337786221819218e+00
7.786670408964165360e-03, -2.498719729857778127e+00
-6.953464326749141111e-03, -2.517133686977357510e+00
-2.171070347422028590e-02, -2.535579336915758208e+00
-3.648789390122532394e-02, -2.554056359008174848e+00
-5.128788247554514484e-02, -2.572564432589807382e+00
-6.611351606495914635e-02, -2.591103236995855319e+00
-8.096764153724660129e-02, -2.609672451561516837e+00
-9.585310576018848949e-02, -2.628271755621992334e+00
-1.107727556015608988e-01, -2.646900828512476878e+00
-1.257294379291447051e-01, -2.665559349568169534e+00
-1.407259996107192990e-01, -2.684246998124272032e+00
-1.557652875140639881e-01, -2.702963453515979442e+00
-1.708501485069597037e-01, -2.721708395078494824e+00
-1.859834294571825475e-01, -2.740481502147011916e+00
-2.011679772325134508e-01, -2.759282454056731559e+00
-2.164066387007317349e-01, -2.778110930142851931e+00
-2.317022607296166936e-01, -2.796966609740570764e+00
-2.470576901869494524e-01, -2.815849172185091565e+00
-2.624757739405058077e-01, -2.834758296811605405e+00
-2.779593588580668850e-01, -2.853693662955315347e+00
-2.935112918074118116e-01, -2.872654949951418235e+00
-3.091347264256889549e-01, -2.891640937968076752e+00
-3.248483411062467741e-01, -2.910604902796314786e+00
-3.406933526195909390e-01, -2.929434058332118784e+00
-3.567127486250195045e-01, -2.948010427846246451e+00
-3.729495167818292489e-01, -2.966216034609456376e+00
-3.894466447493185046e-01, -2.983932901892506706e+00
-4.062471201867801640e-01, -3.001043052966152480e+00
-4.233939307535124486e-01, -3.017428511101150068e+00
-4.409300641088120809e-01, -3.032971299568258505e+00
-4.588985079119755617e-01, -3.047553441638234162e+00
-4.773422498223013899e-01, -3.061056960581836073e+00
-4.963042774990821804e-01, -3.073363879669817944e+00
-5.158275786016164322e-01, -3.084356222172938367e+00
-5.359551407892007013e-01, -3.093916011361954155e+00
-5.567154221259386082e-01, -3.101959826651148777e+00
-5.780723406235229733e-01, -3.108557744870579675e+00
-5.999719003515774363e-01, -3.113822448080852290e+00
-6.223601046920307356e-01, -3.117866619978152620e+00
-6.451829570268106107e-01, -3.120802944258671108e+00
-6.683864607378431355e-01, -3.122744104618593752e+00
-6.919166192070581589e-01, -3.123802784754107886e+00
-7.157194358163772030e-01, -3.124091668361399954e+00
-7.397409139477296725e-01, -3.123723439136657731e+00
-7.639270569830421964e-01, -3.122810780776068107e+00
-7.882238683042419591e-01, -3.121466376975818857e+00
-8.125773512932582543e-01, -3.119802911432097758e+00
-8.369335093320127150e-01, -3.117933067841090367e+00
-8.612395042321445704e-01, -3.115967444669825781e+00
-8.854700170445586327e-01, -3.113967104431884625e+00
-9.096277433361680265e-01, -3.111942682165466323e+00
-9.337166361688251648e-01, -3.109902549357436374e+00
-9.577406486043752443e-01, -3.107855077494664275e+00
-9.817037337046710110e-01, -3.105808638064015081e+00
-1.005609844531563102e+00, -3.103771602552355180e+00
-1.029462934146901487e+00, -3.101752342446554067e+00
-1.053266955612539357e+00, -3.099759229233477686e+00
-1.077025861990321465e+00, -3.097800634399992870e+00
-1.100743606342100556e+00, -3.095884929432966448e+00
-1.124424141729727822e+00, -3.094020485819266586e+00
-1.148071421215052457e+00, -3.092215675045759671e+00
-1.171689397859927873e+00, -3.090478868599311646e+00
-1.195282024726198822e+00, -3.088818437966790675e+00
-1.218853254875718273e+00, -3.087242754635063147e+00
-1.242407041370337195e+00, -3.085760190090998556e+00
-1.265947337271905004e+00, -3.084379115821461070e+00
-1.289478095642274669e+00, -3.083107903313317966e+00
-1.313003269543291607e+00, -3.081954924053437406e+00
-1.336526812036808565e+00, -3.080928549528687110e+00
-1.360052676184675624e+00, -3.080037151225932135e+00
-1.383584815048743311e+00, -3.079289100632040643e+00
-1.407127181690864592e+00, -3.078692769233879467e+00
-1.430683729172884222e+00, -3.078256528518315438e+00
-1.454258410556655390e+00, -3.077988749972216720e+00
-1.477855178904028177e+00, -3.077897805082449256e+00
-1.501477987276852666e+00, -3.077992065335879879e+00
-1.525130788736982046e+00, -3.078279902219376307e+00
-1.548817536346261292e+00, -3.078769687219805817e+00
-1.572542183166543373e+00, -3.079469791824034353e+00
-1.596308682259678591e+00, -3.080388587518930077e+00
-1.620120986687516584e+00, -3.081534445791358934e+00
-1.643983049511911432e+00, -3.082915738128189531e+00
-1.667898823794707441e+00, -3.084540836016288257e+00
-1.691872262597756915e+00, -3.086418110942520610e+00
-1.715907318982911267e+00, -3.088555934393755642e+00
-1.740007946012020357e+00, -3.090962677856859742e+00
-1.764178096746936930e+00, -3.093646712818700628e+00
-1.788421724249506406e+00, -3.096616410766144245e+00
-1.812742781581581086e+00, -3.099880143186057868e+00
-1.837145221805011719e+00, -3.103446281565308773e+00
-1.861630508121565386e+00, -3.107314016998602213e+00
-1.886183512776732796e+00, -3.111421367872161614e+00
-1.910782325684120320e+00, -3.115681345357218746e+00
-1.935405016519852195e+00, -3.120006886007119729e+00
-1.960029654960051548e+00, -3.124310926375213349e+00
-1.984634310680843727e+00, -3.128506403014848392e+00
-2.009197053358345197e+00, -3.132506252479370534e+00
-2.033695952668681528e+00, -3.136223411322128118e+00
-2.058109078287975180e+00, -3.139570816096469486e+00
-2.082414499892347948e+00, -3.142461403355742089e+00
-2.106590287157926067e+00, -3.144808109653294270e+00
-2.130614509760825559e+00, -3.146523871542472595e+00
-2.154465237377172659e+00, -3.147521625576625848e+00
-2.178120539683088719e+00, -3.147714308309100595e+00
-2.201558486354697308e+00, -3.147014856293246510e+00
-2.224757147068121554e+00, -3.145336206082407493e+00
-2.247694591499480588e+00, -3.142591294229935883e+00
-2.270348889324899311e+00, -3.138693057289177357e+00
-2.292698110220499075e+00, -3.133554431813478480e+00
-2.314720323862403006e+00, -3.127088354356189370e+00
-2.336393551898575449e+00, -3.119207986139655109e+00
-2.357685179754271054e+00, -3.109876243143906649e+00
-2.378538634981569810e+00, -3.099168112918784690e+00
-2.398894067991369727e+00, -3.087173913020818450e+00
-2.418691629194570147e+00, -3.073983961006538035e+00
-2.437871469002071745e+00, -3.059688574432470443e+00
-2.456373737824769865e+00, -3.044378070855150220e+00
-2.474138586073566515e+00, -3.028142767831103477e+00
-2.491106164159359704e+00, -3.011072982916862539e+00
-2.507216622493048774e+00, -2.993259033668954849e+00
-2.522410111485533957e+00, -2.974791237643908737e+00
-2.536626781547711929e+00, -2.955759912398258749e+00
-2.549806783090483364e+00, -2.936255375488532327e+00
-2.561904692222923607e+00, -2.916356286321809321e+00
-2.572939249869580891e+00, -2.896089449414055661e+00
-2.582947030576503433e+00, -2.875467257013485156e+00
-2.591964609600101443e+00, -2.854502100794229946e+00
-2.600028562196790016e+00, -2.833206372430421283e+00
-2.607175463622981137e+00, -2.811592463596185087e+00
-2.613441889135088569e+00, -2.789672765965653500e+00
-2.618864413989526962e+00, -2.767459671212952887e+00
-2.623479613442708747e+00, -2.744965571012219385e+00
-2.627324062751045464e+00, -2.722202857037577584e+00
-2.630434337170952652e+00, -2.699183920963160510e+00
-2.632847011958842298e+00, -2.675921154463094975e+00
-2.634598662371128608e+00, -2.652426949211510454e+00
-2.635725863664223567e+00, -2.628713696882540418e+00
-2.636265191094542715e+00, -2.604793789150313010e+00
-2.636253219918497592e+00, -2.580679617688958150e+00
-2.635726525392501074e+00, -2.556383574172603979e+00
-2.634721682772967810e+00, -2.531918050275380416e+00
-2.633275267316310231e+00, -2.507295437671420490e+00
-2.631423854278941654e+00, -2.482528128034851012e+00
-2.629204018917276731e+00, -2.457628513039803231e+00
-2.626652336487726558e+00, -2.432608984360407067e+00
-2.623805382246705786e+00, -2.407481933670788443e+00
-2.620699731450627734e+00, -2.382259752645082607e+00
-2.617371959355905275e+00, -2.356954832957417700e+00
-2.613858641218952172e+00, -2.331579566281922755e+00
-2.610196352296180855e+00, -2.306146344292728134e+00
-2.606421667844004642e+00, -2.280667558663959760e+00
-2.602571163118838626e+00, -2.255155601069754212e+00
-2.598681413377093907e+00, -2.229622863184237858e+00
-2.594788993875185579e+00, -2.204081736681541503e+00
-2.590930479869524738e+00, -2.178544613235790184e+00
-2.587142446616526037e+00, -2.153023884521120479e+00
-2.583461469372603680e+00, -2.127531942211659644e+00
-2.579923575469806440e+00, -2.102081000846046877e+00
-2.576547462899692054e+00, -2.076677672654587692e+00
-2.573331378957962379e+00, -2.051321958473236506e+00
-2.570272393372327269e+00, -2.026013478448394523e+00
-2.567367575870497909e+00, -2.000751852726459390e+00
-2.564613996180189037e+00, -1.975536701453829425e+00
-2.562008724029108286e+00, -1.950367644776902498e+00
-2.559548829144968618e+00, -1.925244302842074040e+00
-2.557231381255482550e+00, -1.900166295795749027e+00
-2.555053450088359490e+00, -1.875133243784322001e+00
-2.553012105371312845e+00, -1.850144766954191056e+00
-2.551104416832053357e+00, -1.825200485451756505e+00
-2.549327454198292653e+00, -1.800300019423412445e+00
-2.547678287197741476e+00, -1.775442989015563411e+00
-2.546153985558111899e+00, -1.750629014374604830e+00
-2.544751619007116883e+00, -1.725857715646935464e+00
-2.543468257272465394e+00, -1.701128712978952962e+00
-2.542300970081870837e+00, -1.676441626517054084e+00
-2.541246827163043509e+00, -1.651796076407641811e+00
-2.540302898243695040e+00, -1.627191682797112460e+00
-2.539466253051537947e+00, -1.602628065831863680e+00
-2.538733961314282084e+00, -1.578104845658294675e+00
-2.538103092759640855e+00, -1.553621642422800875e+00
-2.537570717115323671e+00, -1.529178076271785480e+00
-2.537133904109044824e+00, -1.504773767351645697e+00
-2.536789723468513280e+00, -1.480408335808778952e+00
-2.536535244921441556e+00, -1.456081401789582896e+00
-2.536367538195541282e+00, -1.431792585440455179e+00
-2.536283673018523199e+00, -1.407541506907798112e+00
-2.536280719118099825e+00, -1.383327786338007792e+00
-2.536355746221981899e+00, -1.359151043877482756e+00
-2.536505824057881942e+00, -1.335010899672621765e+00
-2.536728022353509360e+00, -1.310906973869819803e+00
-2.537019410836577560e+00, -1.286838886615480959e+00
-2.537377059234798171e+00, -1.262806258056001329e+00
-2.537798037275881935e+00, -1.238808708337779230e+00
-2.538279414687539592e+00, -1.214845857607212087e+00
-2.538818261197484549e+00, -1.190917326010697552e+00
-2.539411646533426659e+00, -1.167022733694637271e+00
-2.540056640423078882e+00, -1.143161700805428893e+00
-2.540750312594150628e+00, -1.119333847489469402e+00
-2.541489732774354859e+00, -1.095538793893157559e+00
-2.542271970691403205e+00, -1.071776160162889902e+00
-2.543094096073006849e+00, -1.048045566445069410e+00
-2.543953178646876978e+00, -1.024346632886091957e+00
-2.544846288140726553e+00, -1.000678979632356302e+00
-2.545770494282264540e+00, -9.770422268302603186e-01
-2.546722866799204343e+00, -9.534359946262003227e-01
-2.547700475419256705e+00, -9.298599031665797376e-01
-2.548700389870133698e+00, -9.063135725977939927e-01
-2.549719679879546508e+00, -8.827966230662426250e-01
-2.550755415175205876e+00, -8.593086747183226182e-01
-2.551804665484824763e+00, -8.358493477004307337e-01
-2.552864500536114800e+00, -8.124182621589705056e-01
-2.553931990056784951e+00, -7.890150382403374740e-01
-2.555004203774549509e+00, -7.656392960909301770e-01
-2.556078211417118329e+00, -7.422906558571471525e-01
-2.557151082712204371e+00, -7.189687376853840517e-01
-2.558219887387516600e+00, -6.956731617220445196e-01
-2.559281695170768867e+00, -6.724035481135243186e-01
-2.560333575789672800e+00, -6.491595170062223197e-01
-2.561372598971938697e+00, -6.259406885465361725e-01
-2.562395834445278631e+00, -6.027466828808624166e-01
-2.563400351937403343e+00, -5.795771201556041419e-01
-2.564383221176025796e+00, -5.564316205171576657e-01
-2.565341511888854953e+00, -5.333098041119206378e-01
-2.566272293803605553e+00, -5.102112910862899309e-01
-2.567172636647987005e+00, -4.871357015866683016e-01
-2.568039610149710938e+00, -4.640826557594518453e-01
-2.568870284036489426e+00, -4.410517737510391556e-01
-2.569661728036034098e+00, -4.180426757078284927e-01
-2.570411011876055696e+00, -3.950549817762155635e-01
-2.571115205284266736e+00, -3.720883121026042906e-01
-2.571771377988378404e+00, -3.491422868333902141e-01
-2.572376599716100998e+00, -3.262165261149719830e-01
-2.572927940195147478e+00, -3.033106500937477468e-01
-2.573422469153229031e+00, -2.804242789161134342e-01
-2.573857256318056841e+00, -2.575570327284728567e-01
-2.574229371417342094e+00, -2.347085316772216101e-01
-2.574535884178797307e+00, -2.118783959087582047e-01
-2.574773864330133666e+00, -1.890662455694809285e-01
-2.574940381599061467e+00, -1.662717008057859602e-01
-2.575032505713294562e+00, -1.434943817640764174e-01
-2.575047306400542357e+00, -1.207339085907485066e-01
-2.574981853388516484e+00, -9.798990143220043247e-02
-2.574833216404929459e+00, -7.526198043483073308e-02
-2.574598465177492912e+00, -5.254976574503533726e-02
-2.574274669433916696e+00, -2.985287750921755690e-02
-2.573858898901914216e+00, -7.170935873773431890e-03
-2.573348223309196214e+00, 1.549643901489866638e-02
-2.572739712383474320e+00, 3.814962701040036652e-02
-2.572030435852459274e+00, 6.078900796633579517e-02
-2.571217463443863593e+00, 8.341496173630136290e-02
-2.570298720096939604e+00, 1.060280832976639442e-01
-2.569277340540830679e+00, 1.286302781217987246e-01
-2.568158421213417864e+00, 1.512239451371321652e-01
-2.566947062122165502e+00, 1.738114841700016400e-01
-2.565648363274538379e+00, 1.963952950467374448e-01
-2.564267424678002172e+00, 2.189777775936776472e-01
-2.562809346340020333e+00, 2.415613316371572061e-01
-2.561279228268059871e+00, 2.641483570035114692e-01
-2.559682170469583351e+00, 2.867412535190780321e-01
-2.558023272952057781e+00, 3.093424210101875516e-01
-2.556307635722946614e+00, 3.319542593031774014e-01
-2.554540358789715082e+00, 3.545791682243830123e-01
-2.552726542159828416e+00, 3.772195476001396486e-01
-2.550871285840751401e+00, 3.998777972567850725e-01
-2.548979689839948382e+00, 4.225563170206494412e-01
-2.547056854164884143e+00, 4.452575067180704060e-01
-2.545107878823025693e+00, 4.679837661753837863e-01
-2.543137863821835598e+00, 4.907374952189242912e-01
-2.541151909168779977e+00, 5.135210936750298494e-01
-2.539155114871322727e+00, 5.363369613700308403e-01
-2.537152580936929525e+00, 5.591874981302648040e-01
-2.535149407373064712e+00, 5.820751037820669493e-01
-2.533150694187194407e+00, 6.050021781517729291e-01
-2.531161541386781622e+00, 6.279711210657201725e-01
-2.529187048979292474e+00, 6.509843323502388923e-01
-2.527232316972191306e+00, 6.740442118316671838e-01
-2.525302445372943794e+00, 6.971531593363399226e-01
-2.523402534189014723e+00, 7.203135746905928727e-01
-2.521537683427867993e+00, 7.435278577207632411e-01
-2.519712993096969278e+00, 7.667984082531814627e-01
-2.517933563203783809e+00, 7.901276261141855217e-01
-2.516204493755775484e+00, 8.135179111301105159e-01
-2.514530884760409979e+00, 8.369716631272943186e-01
-2.512917836225152080e+00, 8.604912819320665873e-01
-2.511370448157466129e+00, 8.840791673707658616e-01
-2.509893820564816913e+00, 9.077377192697267949e-01
-2.508493053454671440e+00, 9.314693374552854843e-01
-2.507173246834490943e+00, 9.552764217537788038e-01
-2.505939500711743761e+00, 9.791613719915376324e-01
-2.504796915093893794e+00, 1.003126587994899399e+00
-2.503750589988404496e+00, 1.027174469590199202e+00
-2.502805625402742429e+00, 1.051307416603772582e+00
-2.501967121344371492e+00, 1.075527828861957413e+00
-2.501240177820757360e+00, 1.099838106191084020e+00
-2.500629894839364376e+00, 1.124240648417489385e+00
-2.500141372407657769e+00, 1.148737855367509830e+00
-2.499779710533101884e+00, 1.173332126867479674e+00
-2.499550009223161950e+00, 1.198025862743737235e+00
-2.499457368485303199e+00, 1.222821462822612615e+00
-2.499506888326989973e+00, 1.247721326930443908e+00
-2.499703668755687502e+00, 1.272727854893565658e+00
-2.500052809778861018e+00, 1.297843446538313739e+00
-2.500559411403974419e+00, 1.323070501691025580e+00
-2.501228573638493380e+00, 1.348411420178031506e+00
-2.502065396489882243e+00, 1.373868601825669611e+00
-2.503074979965607127e+00, 1.399444446460274438e+00
-2.504262424073131488e+00, 1.425141353908181863e+00
-2.505632828819921443e+00, 1.450961723995730424e+00
-2.507191294213440003e+00, 1.476907956549248002e+00
-2.508942920261154175e+00, 1.502982451395074470e+00
-2.510892806970527857e+00, 1.529187608359544370e+00
-2.513045402799165107e+00, 1.555525433280015912e+00
-2.515375415027667483e+00, 1.581979947651288798e+00
-2.517816150099756900e+00, 1.608510138086960861e+00
-2.520297850704450671e+00, 1.635073138563329032e+00
-2.522750759530767883e+00, 1.661626083056688685e+00
-2.525105119267728515e+00, 1.688126105543336308e+00
-2.527291172604350322e+00, 1.714530339999568387e+00
-2.529239162229651949e+00, 1.740795920401675190e+00
-2.530879330832652041e+00, 1.766879980725954313e+00
-2.532141921102370574e+00, 1.792739654948701356e+00
-2.532957175727824861e+00, 1.818332077046210582e+00
-2.533255337398033991e+00, 1.843614380994780699e+00
-2.532966648802017051e+00, 1.868543700770701310e+00
-2.532021352628793576e+00, 1.893077170350270899e+00
-2.530349691567380432e+00, 1.917171923709783288e+00
-2.527881908306798042e+00, 1.940785094825534518e+00
-2.524548245536063273e+00, 1.963873817673822408e+00
-2.520278945944196991e+00, 1.986395226230936339e+00
-2.515004252220216951e+00, 2.008306454473174352e+00
-2.508654407053142243e+00, 2.029564636376831821e+00
-2.501159653131991067e+00, 2.050126905918204123e+00
-2.492450233145781624e+00, 2.069950397073588189e+00
-2.482456389783534334e+00, 2.088992243819274730e+00
-2.471114403724501418e+00, 2.107207985009877049e+00
-2.458445428730961169e+00, 2.124530737652688295e+00
-2.444533263275632251e+00, 2.140877069219122575e+00
-2.429463169229287622e+00, 2.156163160578782101e+00
-2.413320408462706013e+00, 2.170305192601265531e+00
-2.396190242846657714e+00, 2.183219346156173302e+00
-2.378157934251920569e+00, 2.194821802113108067e+00
-2.359308703045843725e+00, 2.205028869476912234e+00
-2.339714683967613063e+00, 2.213797257058065071e+00
-2.319416361688392492e+00, 2.221181388242167376e+00
-2.298449530248475536e+00, 2.227250167995124208e+00
-2.276849983688161050e+00, 2.232072501282846844e+00
-2.254653516047743445e+00, 2.235717293071241674e+00
-2.231895921367517577e+00, 2.238253448326214645e+00
-2.208612993687784520e+00, 2.239749872013674370e+00
-2.184840527048840020e+00, 2.240275469099528571e+00
-2.160614315490978932e+00, 2.239899144549683641e+00
-2.135970153054497001e+00, 2.238689803330048189e+00
-2.110943833779694412e+00, 2.236716350406529497e+00
-2.085571151706866466e+00, 2.234047690745034842e+00
-2.059887900876309352e+00, 2.230752729311471949e+00
-2.033929875328319259e+00, 2.226900371071747653e+00
-2.007732869103190154e+00, 2.222559520991769677e+00
-1.981332676241224888e+00, 2.217799084037446633e+00
-1.954765090782717207e+00, 2.212687965174685356e+00
-1.928065906767963522e+00, 2.207295069369393126e+00
-1.901270918237260243e+00, 2.201689301587477221e+00
-1.874415919230901340e+00, 2.195939566794844922e+00
-1.847536703789189438e+00, 2.190114769957405283e+00
-1.820669065952417620e+00, 2.184283816041063808e+00
-1.793848799760883628e+00, 2.178515610011729997e+00
-1.767111699254882540e+00, 2.172879056835309797e+00
-1.740493558474710101e+00, 2.167443061477710931e+00
-1.714030171460666940e+00, 2.162276528904841122e+00
-1.687757332253048359e+00, 2.157448364082608983e+00
-1.661710834892149657e+00, 2.153027471976920459e+00
-1.635926473418268134e+00, 2.149082757553684164e+00
-1.610440041871697092e+00, 2.145683125778805600e+00
-1.585287334292739825e+00, 2.142897481618195155e+00
-1.560504144721689190e+00, 2.140794730037757887e+00
-1.536126267198842044e+00, 2.139443776003402853e+00
-1.512189495764495240e+00, 2.138913524481036443e+00
-1.488729624458942968e+00, 2.139272880436567270e+00
-1.465782447322486970e+00, 2.140590748835902168e+00
-1.443383758395420768e+00, 2.142936034644948862e+00
-1.421569351718041663e+00, 2.146377642829614185e+00
-1.400375021330646064e+00, 2.150984478355806750e+00
-1.379836561273528384e+00, 2.156825446189433837e+00
-1.359989765586989252e+00, 2.163969451296401836e+00
-1.340870428311323748e+00, 2.172485398642618915e+00
-1.322514343486828281e+00, 2.182442193193992797e+00
-1.304957305153799485e+00, 2.193908739916430761e+00
-1.288235029731109593e+00, 2.206953798114535292e+00
-1.272342773945694061e+00, 2.221570202027772556e+00
-1.257169204906511739e+00, 2.237550764014610394e+00
-1.242585643595356615e+00, 2.254655745374133602e+00
-1.228463410994024008e+00, 2.272645407405429197e+00
-1.214673828084304796e+00, 2.291280011407585082e+00
-1.201088215847997631e+00, 2.310319818679682058e+00
-1.187577895266894501e+00, 2.329525090520808472e+00
-1.174014187322790281e+00, 2.348656088230051342e+00
-1.160268412997478515e+00, 2.367473073106495907e+00
-1.146211893272752524e+00, 2.385736306449230959e+00
-1.131715949130408738e+00, 2.403206049557336410e+00
-1.116651901552240478e+00, 2.419642563729901052e+00
-1.100891071520042397e+00, 2.434806110266012791e+00
-1.084304780015608483e+00, 2.448456950464755533e+00
-1.066764348020729836e+00, 2.460355345625216295e+00
-1.048141096517205995e+00, 2.470261557046479428e+00
-1.028306346486828726e+00, 2.477935846027632394e+00
-1.007131418911392240e+00, 2.483138473867760432e+00
-9.844876347726909671e-01, 2.485629701865949670e+00
-9.602463150525161195e-01, 2.485169791321286681e+00
-9.342787807326673466e-01, 2.481519003532855816e+00
-9.064563527949363042e-01, 2.474437599799744092e+00
-8.766503522211173127e-01, 2.463685841421038525e+00
-8.447320999930008067e-01, 2.449023989695821690e+00
-8.105729170923883231e-01, 2.430212305923183269e+00
-7.740441245010705185e-01, 2.407011051402208501e+00
-7.350170432008413801e-01, 2.379180487431981739e+00
-6.933629941734957836e-01, 2.346480875311590886e+00
-6.489532984008222760e-01, 2.308672476340116297e+00
-6.016592768646252809e-01, 2.265515551816652540e+00
-5.513522505466939005e-01, 2.216770363040280856e+00
